run_id,cohort,task_id,number,model,policy,delay_s,repeat,transition,trajectory_status,attempt1_status,from_identity,to_identity,seed_public_passed,seed_public_total,seed_hidden_status,attempt1_hidden_status,attempt1_public_passed,public_improved,correct_after_public_failure,hidden_fail_to_pass
common-129-he99-deepseek-v4-pro-resample-delay1-rep1,common,HumanEval/99,99,deepseek-v4-pro,resample,1,1,common_seed_to_attempt1,complete,eligible,common-seed,common-129-he99-deepseek-v4-pro-resample-delay1-rep1/attempt-01,3,4,fail,pass,4,True,True,True
common-130-he99-deepseek-flash-repair-delay0-rep1,common,HumanEval/99,99,deepseek-flash,repair,0,1,common_seed_to_attempt1,complete,eligible,common-seed,common-130-he99-deepseek-flash-repair-delay0-rep1/attempt-01,3,4,fail,fail,4,True,False,False
common-131-he99-deepseek-v4-pro-resample-delay0-rep1,common,HumanEval/99,99,deepseek-v4-pro,resample,0,1,common_seed_to_attempt1,complete,parse_failed,common-seed,,3,4,fail,no_persisted_candidate,,,False,
common-132-he99-deepseek-v4-pro-repair-delay1-rep1,common,HumanEval/99,99,deepseek-v4-pro,repair,1,1,common_seed_to_attempt1,complete,eligible,common-seed,common-132-he99-deepseek-v4-pro-repair-delay1-rep1/attempt-01,3,4,fail,pass,4,True,True,True
common-133-he99-deepseek-flash-resample-delay1-rep1,common,HumanEval/99,99,deepseek-flash,resample,1,1,common_seed_to_attempt1,complete,eligible,common-seed,common-133-he99-deepseek-flash-resample-delay1-rep1/attempt-01,3,4,fail,pass,4,True,True,True
common-134-he99-deepseek-v4-pro-repair-delay0-rep1,common,HumanEval/99,99,deepseek-v4-pro,repair,0,1,common_seed_to_attempt1,complete,eligible,common-seed,common-134-he99-deepseek-v4-pro-repair-delay0-rep1/attempt-01,3,4,fail,fail,3,False,False,False
common-135-he99-deepseek-flash-repair-delay1-rep1,common,HumanEval/99,99,deepseek-flash,repair,1,1,common_seed_to_attempt1,complete,eligible,common-seed,common-135-he99-deepseek-flash-repair-delay1-rep1/attempt-01,3,4,fail,fail,4,True,False,False
common-136-he99-deepseek-flash-resample-delay0-rep1,common,HumanEval/99,99,deepseek-flash,resample,0,1,common_seed_to_attempt1,complete,eligible,common-seed,common-136-he99-deepseek-flash-resample-delay0-rep1/attempt-01,3,4,fail,fail,4,True,False,False
common-137-he99-deepseek-flash-resample-delay0-rep2,common,HumanEval/99,99,deepseek-flash,resample,0,2,common_seed_to_attempt1,complete,eligible,common-seed,common-137-he99-deepseek-flash-resample-delay0-rep2/attempt-01,3,4,fail,fail,4,True,False,False
common-138-he99-deepseek-flash-repair-delay1-rep2,common,HumanEval/99,99,deepseek-flash,repair,1,2,common_seed_to_attempt1,complete,eligible,common-seed,common-138-he99-deepseek-flash-repair-delay1-rep2/attempt-01,3,4,fail,fail,4,True,False,False
common-139-he99-deepseek-v4-pro-repair-delay0-rep2,common,HumanEval/99,99,deepseek-v4-pro,repair,0,2,common_seed_to_attempt1,complete,eligible,common-seed,common-139-he99-deepseek-v4-pro-repair-delay0-rep2/attempt-01,3,4,fail,fail,3,False,False,False
common-140-he99-deepseek-flash-resample-delay1-rep2,common,HumanEval/99,99,deepseek-flash,resample,1,2,common_seed_to_attempt1,complete,eligible,common-seed,common-140-he99-deepseek-flash-resample-delay1-rep2/attempt-01,3,4,fail,fail,4,True,False,False
common-141-he99-deepseek-v4-pro-repair-delay1-rep2,common,HumanEval/99,99,deepseek-v4-pro,repair,1,2,common_seed_to_attempt1,complete,eligible,common-seed,common-141-he99-deepseek-v4-pro-repair-delay1-rep2/attempt-01,3,4,fail,fail,3,False,False,False
common-142-he99-deepseek-v4-pro-resample-delay0-rep2,common,HumanEval/99,99,deepseek-v4-pro,resample,0,2,common_seed_to_attempt1,complete,parse_failed,common-seed,,3,4,fail,no_persisted_candidate,,,False,
common-143-he99-deepseek-flash-repair-delay0-rep2,common,HumanEval/99,99,deepseek-flash,repair,0,2,common_seed_to_attempt1,complete,eligible,common-seed,common-143-he99-deepseek-flash-repair-delay0-rep2/attempt-01,3,4,fail,fail,4,True,False,False
common-144-he99-deepseek-v4-pro-resample-delay1-rep2,common,HumanEval/99,99,deepseek-v4-pro,resample,1,2,common_seed_to_attempt1,complete,eligible,common-seed,common-144-he99-deepseek-v4-pro-resample-delay1-rep2/attempt-01,3,4,fail,pass,4,True,True,True
