cohort,exclude_he32,stratum,model,policy,delay_s,deadline_s,n_trajectories,n_tasks,n_pass,n_fail,n_timeout,n_infra,n_no_candidate,n_not_evaluated,n_not_started,pass_rate,baseline_n_pass,baseline_n_fail,baseline_n_timeout,baseline_n_infra,baseline_n_no_candidate,baseline_n_not_evaluated,baseline_n_not_started,baseline_pass_rate,n_gain_observed,mean_gain,quality_fully_observed,baseline_fully_observed,n_censored,n_guard_censored,n_interrupted,n_stopped_before_cutoff,cross_task_inference_supported
common,0,all,deepseek-flash,repair,0,5.0,2,1,0,2,0,0,0,0,0,0.0,0,2,0,0,0,0,0,0.0,2,0.0,True,True,0,0,0,0,False
common,0,all,deepseek-flash,repair,0,15.0,2,1,0,2,0,0,0,0,0,0.0,0,2,0,0,0,0,0,0.0,2,0.0,True,True,0,0,0,0,False
common,0,all,deepseek-flash,repair,1,5.0,2,1,0,2,0,0,0,0,0,0.0,0,2,0,0,0,0,0,0.0,2,0.0,True,True,0,0,0,0,False
common,0,all,deepseek-flash,repair,1,15.0,2,1,0,2,0,0,0,0,0,0.0,0,2,0,0,0,0,0,0.0,2,0.0,True,True,0,0,0,0,False
common,0,all,deepseek-flash,resample,0,5.0,2,1,0,2,0,0,0,0,0,0.0,0,2,0,0,0,0,0,0.0,2,0.0,True,True,0,0,0,0,False
common,0,all,deepseek-flash,resample,0,15.0,2,1,0,2,0,0,0,0,0,0.0,0,2,0,0,0,0,0,0.0,2,0.0,True,True,0,0,0,0,False
common,0,all,deepseek-flash,resample,1,5.0,2,1,1,1,0,0,0,0,0,0.5,1,1,0,0,0,0,0,0.5,2,0.0,True,True,0,0,0,0,False
common,0,all,deepseek-flash,resample,1,15.0,2,1,1,1,0,0,0,0,0,0.5,1,1,0,0,0,0,0,0.5,2,0.0,True,True,0,0,0,0,False
common,0,all,deepseek-v4-pro,repair,0,5.0,2,1,0,2,0,0,0,0,0,0.0,0,2,0,0,0,0,0,0.0,2,0.0,True,True,0,0,0,0,False
common,0,all,deepseek-v4-pro,repair,0,15.0,2,1,2,0,0,0,0,0,0,1.0,0,2,0,0,0,0,0,0.0,2,1.0,True,True,0,0,0,0,False
common,0,all,deepseek-v4-pro,repair,1,5.0,2,1,1,1,0,0,0,0,0,0.5,1,1,0,0,0,0,0,0.5,2,0.0,True,True,0,0,0,0,False
common,0,all,deepseek-v4-pro,repair,1,15.0,2,1,2,0,0,0,0,0,0,1.0,1,1,0,0,0,0,0,0.5,2,0.5,True,True,0,0,0,0,False
common,0,all,deepseek-v4-pro,resample,0,5.0,2,1,1,1,0,0,0,0,0,0.5,0,0,0,0,2,0,0,0.0,2,0.5,True,True,0,0,0,0,False
common,0,all,deepseek-v4-pro,resample,0,15.0,2,1,2,0,0,0,0,0,0,1.0,0,0,0,0,2,0,0,0.0,2,1.0,True,True,0,0,0,0,False
common,0,all,deepseek-v4-pro,resample,1,5.0,2,1,2,0,0,0,0,0,0,1.0,2,0,0,0,0,0,0,1.0,2,0.0,True,True,0,0,0,0,False
common,0,all,deepseek-v4-pro,resample,1,15.0,2,1,2,0,0,0,0,0,0,1.0,2,0,0,0,0,0,0,1.0,2,0.0,True,True,0,0,0,0,False
common,1,all,deepseek-flash,repair,0,5.0,2,1,0,2,0,0,0,0,0,0.0,0,2,0,0,0,0,0,0.0,2,0.0,True,True,0,0,0,0,False
common,1,all,deepseek-flash,repair,0,15.0,2,1,0,2,0,0,0,0,0,0.0,0,2,0,0,0,0,0,0.0,2,0.0,True,True,0,0,0,0,False
common,1,all,deepseek-flash,repair,1,5.0,2,1,0,2,0,0,0,0,0,0.0,0,2,0,0,0,0,0,0.0,2,0.0,True,True,0,0,0,0,False
common,1,all,deepseek-flash,repair,1,15.0,2,1,0,2,0,0,0,0,0,0.0,0,2,0,0,0,0,0,0.0,2,0.0,True,True,0,0,0,0,False
common,1,all,deepseek-flash,resample,0,5.0,2,1,0,2,0,0,0,0,0,0.0,0,2,0,0,0,0,0,0.0,2,0.0,True,True,0,0,0,0,False
common,1,all,deepseek-flash,resample,0,15.0,2,1,0,2,0,0,0,0,0,0.0,0,2,0,0,0,0,0,0.0,2,0.0,True,True,0,0,0,0,False
common,1,all,deepseek-flash,resample,1,5.0,2,1,1,1,0,0,0,0,0,0.5,1,1,0,0,0,0,0,0.5,2,0.0,True,True,0,0,0,0,False
common,1,all,deepseek-flash,resample,1,15.0,2,1,1,1,0,0,0,0,0,0.5,1,1,0,0,0,0,0,0.5,2,0.0,True,True,0,0,0,0,False
common,1,all,deepseek-v4-pro,repair,0,5.0,2,1,0,2,0,0,0,0,0,0.0,0,2,0,0,0,0,0,0.0,2,0.0,True,True,0,0,0,0,False
common,1,all,deepseek-v4-pro,repair,0,15.0,2,1,2,0,0,0,0,0,0,1.0,0,2,0,0,0,0,0,0.0,2,1.0,True,True,0,0,0,0,False
common,1,all,deepseek-v4-pro,repair,1,5.0,2,1,1,1,0,0,0,0,0,0.5,1,1,0,0,0,0,0,0.5,2,0.0,True,True,0,0,0,0,False
common,1,all,deepseek-v4-pro,repair,1,15.0,2,1,2,0,0,0,0,0,0,1.0,1,1,0,0,0,0,0,0.5,2,0.5,True,True,0,0,0,0,False
common,1,all,deepseek-v4-pro,resample,0,5.0,2,1,1,1,0,0,0,0,0,0.5,0,0,0,0,2,0,0,0.0,2,0.5,True,True,0,0,0,0,False
common,1,all,deepseek-v4-pro,resample,0,15.0,2,1,2,0,0,0,0,0,0,1.0,0,0,0,0,2,0,0,0.0,2,1.0,True,True,0,0,0,0,False
common,1,all,deepseek-v4-pro,resample,1,5.0,2,1,2,0,0,0,0,0,0,1.0,2,0,0,0,0,0,0,1.0,2,0.0,True,True,0,0,0,0,False
common,1,all,deepseek-v4-pro,resample,1,15.0,2,1,2,0,0,0,0,0,0,1.0,2,0,0,0,0,0,0,1.0,2,0.0,True,True,0,0,0,0,False
native,0,all,deepseek-flash,repair,0,5.0,16,8,13,3,0,0,0,0,0,0.8125,13,3,0,0,0,0,0,0.8125,16,0.0,True,True,0,0,0,0,True
native,0,all,deepseek-flash,repair,0,15.0,16,8,13,3,0,0,0,0,0,0.8125,13,3,0,0,0,0,0,0.8125,16,0.0,True,True,0,0,0,0,True
native,0,all,deepseek-flash,repair,1,5.0,16,8,12,4,0,0,0,0,0,0.75,12,4,0,0,0,0,0,0.75,16,0.0,True,True,0,0,0,0,True
native,0,all,deepseek-flash,repair,1,15.0,16,8,12,4,0,0,0,0,0,0.75,12,4,0,0,0,0,0,0.75,16,0.0,True,True,0,0,0,0,True
native,0,all,deepseek-flash,resample,0,5.0,16,8,13,3,0,0,0,0,0,0.8125,13,3,0,0,0,0,0,0.8125,16,0.0,True,True,0,0,0,0,True
native,0,all,deepseek-flash,resample,0,15.0,16,8,13,3,0,0,0,0,0,0.8125,13,3,0,0,0,0,0,0.8125,16,0.0,True,True,0,0,0,0,True
native,0,all,deepseek-flash,resample,1,5.0,16,8,13,2,1,0,0,0,0,0.8125,13,2,1,0,0,0,0,0.8125,16,0.0,True,True,0,0,0,0,True
native,0,all,deepseek-flash,resample,1,15.0,16,8,13,2,1,0,0,0,0,0.8125,13,2,1,0,0,0,0,0.8125,16,0.0,True,True,0,0,0,0,True
native,0,all,deepseek-v4-pro,repair,0,5.0,16,8,11,0,0,0,5,0,0,0.6875,11,0,0,0,5,0,0,0.6875,16,0.0,True,True,0,0,0,0,True
native,0,all,deepseek-v4-pro,repair,0,15.0,16,8,14,2,0,0,0,0,0,0.875,12,1,0,0,3,0,0,0.75,16,0.125,True,True,0,0,0,0,True
native,0,all,deepseek-v4-pro,repair,1,5.0,16,8,12,0,0,0,4,0,0,0.75,12,0,0,0,4,0,0,0.75,16,0.0,True,True,0,0,0,0,True
native,0,all,deepseek-v4-pro,repair,1,15.0,16,8,14,1,0,0,1,0,0,0.875,13,0,0,0,3,0,0,0.8125,16,0.0625,True,True,0,0,0,0,True
native,0,all,deepseek-v4-pro,resample,0,5.0,16,8,11,0,0,0,5,0,0,0.6875,10,0,0,0,6,0,0,0.625,16,0.0625,True,True,0,0,0,0,True
native,0,all,deepseek-v4-pro,resample,0,15.0,16,8,13,2,0,0,1,0,0,0.8125,10,2,0,0,4,0,0,0.625,16,0.1875,True,True,0,0,0,0,True
native,0,all,deepseek-v4-pro,resample,1,5.0,16,8,11,0,0,0,5,0,0,0.6875,11,0,0,0,5,0,0,0.6875,16,0.0,True,True,0,0,0,0,True
native,0,all,deepseek-v4-pro,resample,1,15.0,16,8,14,2,0,0,0,0,0,0.875,11,2,0,0,3,0,0,0.6875,16,0.1875,True,True,0,0,0,0,True
native,0,first_attempt_public_or_format_failure,deepseek-v4-pro,repair,0,5.0,3,3,0,0,0,0,3,0,0,0.0,0,0,0,0,3,0,0,0.0,3,0.0,True,True,0,0,0,0,True
native,0,first_attempt_public_or_format_failure,deepseek-v4-pro,repair,0,15.0,3,3,2,1,0,0,0,0,0,0.6666666666666666,0,0,0,0,3,0,0,0.0,3,0.6666666666666666,True,True,0,0,0,0,True
native,0,first_attempt_public_or_format_failure,deepseek-v4-pro,repair,1,5.0,3,2,0,0,0,0,3,0,0,0.0,0,0,0,0,3,0,0,0.0,3,0.0,True,True,0,0,0,0,False
native,0,first_attempt_public_or_format_failure,deepseek-v4-pro,repair,1,15.0,3,2,1,1,0,0,1,0,0,0.3333333333333333,0,0,0,0,3,0,0,0.0,3,0.3333333333333333,True,True,0,0,0,0,False
native,0,first_attempt_public_or_format_failure,deepseek-v4-pro,resample,0,5.0,4,3,1,0,0,0,3,0,0,0.25,0,0,0,0,4,0,0,0.0,4,0.25,True,True,0,0,0,0,True
native,0,first_attempt_public_or_format_failure,deepseek-v4-pro,resample,0,15.0,4,3,3,0,0,0,1,0,0,0.75,0,0,0,0,4,0,0,0.0,4,0.75,True,True,0,0,0,0,True
native,0,first_attempt_public_or_format_failure,deepseek-v4-pro,resample,1,5.0,3,2,0,0,0,0,3,0,0,0.0,0,0,0,0,3,0,0,0.0,3,0.0,True,True,0,0,0,0,False
native,0,first_attempt_public_or_format_failure,deepseek-v4-pro,resample,1,15.0,3,2,3,0,0,0,0,0,0,1.0,0,0,0,0,3,0,0,0.0,3,1.0,True,True,0,0,0,0,False
native,1,all,deepseek-flash,repair,0,5.0,14,7,13,1,0,0,0,0,0,0.9285714285714286,13,1,0,0,0,0,0,0.9285714285714286,14,0.0,True,True,0,0,0,0,True
native,1,all,deepseek-flash,repair,0,15.0,14,7,13,1,0,0,0,0,0,0.9285714285714286,13,1,0,0,0,0,0,0.9285714285714286,14,0.0,True,True,0,0,0,0,True
native,1,all,deepseek-flash,repair,1,5.0,14,7,12,2,0,0,0,0,0,0.8571428571428571,12,2,0,0,0,0,0,0.8571428571428571,14,0.0,True,True,0,0,0,0,True
native,1,all,deepseek-flash,repair,1,15.0,14,7,12,2,0,0,0,0,0,0.8571428571428571,12,2,0,0,0,0,0,0.8571428571428571,14,0.0,True,True,0,0,0,0,True
native,1,all,deepseek-flash,resample,0,5.0,14,7,13,1,0,0,0,0,0,0.9285714285714286,13,1,0,0,0,0,0,0.9285714285714286,14,0.0,True,True,0,0,0,0,True
native,1,all,deepseek-flash,resample,0,15.0,14,7,13,1,0,0,0,0,0,0.9285714285714286,13,1,0,0,0,0,0,0.9285714285714286,14,0.0,True,True,0,0,0,0,True
native,1,all,deepseek-flash,resample,1,5.0,14,7,13,1,0,0,0,0,0,0.9285714285714286,13,1,0,0,0,0,0,0.9285714285714286,14,0.0,True,True,0,0,0,0,True
native,1,all,deepseek-flash,resample,1,15.0,14,7,13,1,0,0,0,0,0,0.9285714285714286,13,1,0,0,0,0,0,0.9285714285714286,14,0.0,True,True,0,0,0,0,True
native,1,all,deepseek-v4-pro,repair,0,5.0,14,7,11,0,0,0,3,0,0,0.7857142857142857,11,0,0,0,3,0,0,0.7857142857142857,14,0.0,True,True,0,0,0,0,True
native,1,all,deepseek-v4-pro,repair,0,15.0,14,7,14,0,0,0,0,0,0,1.0,12,0,0,0,2,0,0,0.8571428571428571,14,0.14285714285714285,True,True,0,0,0,0,True
native,1,all,deepseek-v4-pro,repair,1,5.0,14,7,12,0,0,0,2,0,0,0.8571428571428571,12,0,0,0,2,0,0,0.8571428571428571,14,0.0,True,True,0,0,0,0,True
native,1,all,deepseek-v4-pro,repair,1,15.0,14,7,14,0,0,0,0,0,0,1.0,13,0,0,0,1,0,0,0.9285714285714286,14,0.07142857142857142,True,True,0,0,0,0,True
native,1,all,deepseek-v4-pro,resample,0,5.0,14,7,11,0,0,0,3,0,0,0.7857142857142857,10,0,0,0,4,0,0,0.7142857142857143,14,0.07142857142857142,True,True,0,0,0,0,True
native,1,all,deepseek-v4-pro,resample,0,15.0,14,7,13,0,0,0,1,0,0,0.9285714285714286,10,0,0,0,4,0,0,0.7142857142857143,14,0.21428571428571427,True,True,0,0,0,0,True
native,1,all,deepseek-v4-pro,resample,1,5.0,14,7,11,0,0,0,3,0,0,0.7857142857142857,11,0,0,0,3,0,0,0.7857142857142857,14,0.0,True,True,0,0,0,0,True
native,1,all,deepseek-v4-pro,resample,1,15.0,14,7,14,0,0,0,0,0,0,1.0,11,0,0,0,3,0,0,0.7857142857142857,14,0.21428571428571427,True,True,0,0,0,0,True
native,1,first_attempt_public_or_format_failure,deepseek-v4-pro,repair,0,5.0,2,2,0,0,0,0,2,0,0,0.0,0,0,0,0,2,0,0,0.0,2,0.0,True,True,0,0,0,0,False
native,1,first_attempt_public_or_format_failure,deepseek-v4-pro,repair,0,15.0,2,2,2,0,0,0,0,0,0,1.0,0,0,0,0,2,0,0,0.0,2,1.0,True,True,0,0,0,0,False
native,1,first_attempt_public_or_format_failure,deepseek-v4-pro,repair,1,5.0,1,1,0,0,0,0,1,0,0,0.0,0,0,0,0,1,0,0,0.0,1,0.0,True,True,0,0,0,0,False
native,1,first_attempt_public_or_format_failure,deepseek-v4-pro,repair,1,15.0,1,1,1,0,0,0,0,0,0,1.0,0,0,0,0,1,0,0,0.0,1,1.0,True,True,0,0,0,0,False
native,1,first_attempt_public_or_format_failure,deepseek-v4-pro,resample,0,5.0,4,3,1,0,0,0,3,0,0,0.25,0,0,0,0,4,0,0,0.0,4,0.25,True,True,0,0,0,0,True
native,1,first_attempt_public_or_format_failure,deepseek-v4-pro,resample,0,15.0,4,3,3,0,0,0,1,0,0,0.75,0,0,0,0,4,0,0,0.0,4,0.75,True,True,0,0,0,0,True
native,1,first_attempt_public_or_format_failure,deepseek-v4-pro,resample,1,5.0,3,2,0,0,0,0,3,0,0,0.0,0,0,0,0,3,0,0,0.0,3,0.0,True,True,0,0,0,0,False
native,1,first_attempt_public_or_format_failure,deepseek-v4-pro,resample,1,15.0,3,2,3,0,0,0,0,0,0,1.0,0,0,0,0,3,0,0,0.0,3,1.0,True,True,0,0,0,0,False
native,0,first_attempt_public_or_format_failure,deepseek-flash,repair,0,5.0,0,0,0,0,0,0,0,0,0,,0,0,0,0,0,0,0,,0,,True,True,0,0,0,0,False
native,0,first_attempt_public_or_format_failure,deepseek-flash,repair,0,15.0,0,0,0,0,0,0,0,0,0,,0,0,0,0,0,0,0,,0,,True,True,0,0,0,0,False
native,0,first_attempt_public_or_format_failure,deepseek-flash,repair,1,5.0,0,0,0,0,0,0,0,0,0,,0,0,0,0,0,0,0,,0,,True,True,0,0,0,0,False
native,0,first_attempt_public_or_format_failure,deepseek-flash,repair,1,15.0,0,0,0,0,0,0,0,0,0,,0,0,0,0,0,0,0,,0,,True,True,0,0,0,0,False
native,0,first_attempt_public_or_format_failure,deepseek-flash,resample,0,5.0,0,0,0,0,0,0,0,0,0,,0,0,0,0,0,0,0,,0,,True,True,0,0,0,0,False
native,0,first_attempt_public_or_format_failure,deepseek-flash,resample,0,15.0,0,0,0,0,0,0,0,0,0,,0,0,0,0,0,0,0,,0,,True,True,0,0,0,0,False
native,0,first_attempt_public_or_format_failure,deepseek-flash,resample,1,5.0,0,0,0,0,0,0,0,0,0,,0,0,0,0,0,0,0,,0,,True,True,0,0,0,0,False
native,0,first_attempt_public_or_format_failure,deepseek-flash,resample,1,15.0,0,0,0,0,0,0,0,0,0,,0,0,0,0,0,0,0,,0,,True,True,0,0,0,0,False
native,1,first_attempt_public_or_format_failure,deepseek-flash,repair,0,5.0,0,0,0,0,0,0,0,0,0,,0,0,0,0,0,0,0,,0,,True,True,0,0,0,0,False
native,1,first_attempt_public_or_format_failure,deepseek-flash,repair,0,15.0,0,0,0,0,0,0,0,0,0,,0,0,0,0,0,0,0,,0,,True,True,0,0,0,0,False
native,1,first_attempt_public_or_format_failure,deepseek-flash,repair,1,5.0,0,0,0,0,0,0,0,0,0,,0,0,0,0,0,0,0,,0,,True,True,0,0,0,0,False
native,1,first_attempt_public_or_format_failure,deepseek-flash,repair,1,15.0,0,0,0,0,0,0,0,0,0,,0,0,0,0,0,0,0,,0,,True,True,0,0,0,0,False
native,1,first_attempt_public_or_format_failure,deepseek-flash,resample,0,5.0,0,0,0,0,0,0,0,0,0,,0,0,0,0,0,0,0,,0,,True,True,0,0,0,0,False
native,1,first_attempt_public_or_format_failure,deepseek-flash,resample,0,15.0,0,0,0,0,0,0,0,0,0,,0,0,0,0,0,0,0,,0,,True,True,0,0,0,0,False
native,1,first_attempt_public_or_format_failure,deepseek-flash,resample,1,5.0,0,0,0,0,0,0,0,0,0,,0,0,0,0,0,0,0,,0,,True,True,0,0,0,0,False
native,1,first_attempt_public_or_format_failure,deepseek-flash,resample,1,15.0,0,0,0,0,0,0,0,0,0,,0,0,0,0,0,0,0,,0,,True,True,0,0,0,0,False
