cohort,exclude_he32,stratum,model,delay_s,deadline_s,task_id,contrast,left_n,right_n,paired_observed,pass_rate_difference,baseline_paired_observed,baseline_rate_difference,policy
common,0,all,deepseek-flash,0,5.0,HumanEval/99,repair_minus_resample,2,2,True,0.0,True,0.0,
common,0,all,deepseek-flash,0,15.0,HumanEval/99,repair_minus_resample,2,2,True,0.0,True,0.0,
common,0,all,deepseek-flash,1,5.0,HumanEval/99,repair_minus_resample,2,2,True,-0.5,True,-0.5,
common,0,all,deepseek-flash,1,15.0,HumanEval/99,repair_minus_resample,2,2,True,-0.5,True,-0.5,
common,0,all,deepseek-v4-pro,0,5.0,HumanEval/99,repair_minus_resample,2,2,True,-0.5,True,0.0,
common,0,all,deepseek-v4-pro,0,15.0,HumanEval/99,repair_minus_resample,2,2,True,0.0,True,0.0,
common,0,all,deepseek-v4-pro,1,5.0,HumanEval/99,repair_minus_resample,2,2,True,-0.5,True,-0.5,
common,0,all,deepseek-v4-pro,1,15.0,HumanEval/99,repair_minus_resample,2,2,True,0.0,True,-0.5,
common,1,all,deepseek-flash,0,5.0,HumanEval/99,repair_minus_resample,2,2,True,0.0,True,0.0,
common,1,all,deepseek-flash,0,15.0,HumanEval/99,repair_minus_resample,2,2,True,0.0,True,0.0,
common,1,all,deepseek-flash,1,5.0,HumanEval/99,repair_minus_resample,2,2,True,-0.5,True,-0.5,
common,1,all,deepseek-flash,1,15.0,HumanEval/99,repair_minus_resample,2,2,True,-0.5,True,-0.5,
common,1,all,deepseek-v4-pro,0,5.0,HumanEval/99,repair_minus_resample,2,2,True,-0.5,True,0.0,
common,1,all,deepseek-v4-pro,0,15.0,HumanEval/99,repair_minus_resample,2,2,True,0.0,True,0.0,
common,1,all,deepseek-v4-pro,1,5.0,HumanEval/99,repair_minus_resample,2,2,True,-0.5,True,-0.5,
common,1,all,deepseek-v4-pro,1,15.0,HumanEval/99,repair_minus_resample,2,2,True,0.0,True,-0.5,
native,0,all,deepseek-flash,0,5.0,HumanEval/16,repair_minus_resample,2,2,True,0.0,True,0.0,
native,0,all,deepseek-flash,0,5.0,HumanEval/18,repair_minus_resample,2,2,True,0.0,True,0.0,
native,0,all,deepseek-flash,0,5.0,HumanEval/31,repair_minus_resample,2,2,True,0.0,True,0.0,
native,0,all,deepseek-flash,0,5.0,HumanEval/32,repair_minus_resample,2,2,True,0.0,True,0.0,
native,0,all,deepseek-flash,0,5.0,HumanEval/55,repair_minus_resample,2,2,True,0.0,True,0.0,
native,0,all,deepseek-flash,0,5.0,HumanEval/56,repair_minus_resample,2,2,True,0.0,True,0.0,
native,0,all,deepseek-flash,0,5.0,HumanEval/7,repair_minus_resample,2,2,True,0.0,True,0.0,
native,0,all,deepseek-flash,0,5.0,HumanEval/99,repair_minus_resample,2,2,True,0.0,True,0.0,
native,0,all,deepseek-flash,0,15.0,HumanEval/16,repair_minus_resample,2,2,True,0.0,True,0.0,
native,0,all,deepseek-flash,0,15.0,HumanEval/18,repair_minus_resample,2,2,True,0.0,True,0.0,
native,0,all,deepseek-flash,0,15.0,HumanEval/31,repair_minus_resample,2,2,True,0.0,True,0.0,
native,0,all,deepseek-flash,0,15.0,HumanEval/32,repair_minus_resample,2,2,True,0.0,True,0.0,
native,0,all,deepseek-flash,0,15.0,HumanEval/55,repair_minus_resample,2,2,True,0.0,True,0.0,
native,0,all,deepseek-flash,0,15.0,HumanEval/56,repair_minus_resample,2,2,True,0.0,True,0.0,
native,0,all,deepseek-flash,0,15.0,HumanEval/7,repair_minus_resample,2,2,True,0.0,True,0.0,
native,0,all,deepseek-flash,0,15.0,HumanEval/99,repair_minus_resample,2,2,True,0.0,True,0.0,
native,0,all,deepseek-flash,1,5.0,HumanEval/16,repair_minus_resample,2,2,True,0.0,True,0.0,
native,0,all,deepseek-flash,1,5.0,HumanEval/18,repair_minus_resample,2,2,True,0.0,True,0.0,
native,0,all,deepseek-flash,1,5.0,HumanEval/31,repair_minus_resample,2,2,True,0.0,True,0.0,
native,0,all,deepseek-flash,1,5.0,HumanEval/32,repair_minus_resample,2,2,True,0.0,True,0.0,
native,0,all,deepseek-flash,1,5.0,HumanEval/55,repair_minus_resample,2,2,True,0.0,True,0.0,
native,0,all,deepseek-flash,1,5.0,HumanEval/56,repair_minus_resample,2,2,True,0.0,True,0.0,
native,0,all,deepseek-flash,1,5.0,HumanEval/7,repair_minus_resample,2,2,True,0.0,True,0.0,
native,0,all,deepseek-flash,1,5.0,HumanEval/99,repair_minus_resample,2,2,True,-0.5,True,-0.5,
native,0,all,deepseek-flash,1,15.0,HumanEval/16,repair_minus_resample,2,2,True,0.0,True,0.0,
native,0,all,deepseek-flash,1,15.0,HumanEval/18,repair_minus_resample,2,2,True,0.0,True,0.0,
native,0,all,deepseek-flash,1,15.0,HumanEval/31,repair_minus_resample,2,2,True,0.0,True,0.0,
native,0,all,deepseek-flash,1,15.0,HumanEval/32,repair_minus_resample,2,2,True,0.0,True,0.0,
native,0,all,deepseek-flash,1,15.0,HumanEval/55,repair_minus_resample,2,2,True,0.0,True,0.0,
native,0,all,deepseek-flash,1,15.0,HumanEval/56,repair_minus_resample,2,2,True,0.0,True,0.0,
native,0,all,deepseek-flash,1,15.0,HumanEval/7,repair_minus_resample,2,2,True,0.0,True,0.0,
native,0,all,deepseek-flash,1,15.0,HumanEval/99,repair_minus_resample,2,2,True,-0.5,True,-0.5,
native,0,all,deepseek-v4-pro,0,5.0,HumanEval/16,repair_minus_resample,2,2,True,0.0,True,0.5,
native,0,all,deepseek-v4-pro,0,5.0,HumanEval/18,repair_minus_resample,2,2,True,-0.5,True,-0.5,
native,0,all,deepseek-v4-pro,0,5.0,HumanEval/31,repair_minus_resample,2,2,True,0.0,True,0.0,
native,0,all,deepseek-v4-pro,0,5.0,HumanEval/32,repair_minus_resample,2,2,True,0.0,True,0.0,
native,0,all,deepseek-v4-pro,0,5.0,HumanEval/55,repair_minus_resample,2,2,True,0.0,True,0.0,
native,0,all,deepseek-v4-pro,0,5.0,HumanEval/56,repair_minus_resample,2,2,True,0.0,True,0.0,
native,0,all,deepseek-v4-pro,0,5.0,HumanEval/7,repair_minus_resample,2,2,True,0.0,True,0.0,
native,0,all,deepseek-v4-pro,0,5.0,HumanEval/99,repair_minus_resample,2,2,True,0.5,True,0.5,
native,0,all,deepseek-v4-pro,0,15.0,HumanEval/16,repair_minus_resample,2,2,True,0.0,True,0.5,
native,0,all,deepseek-v4-pro,0,15.0,HumanEval/18,repair_minus_resample,2,2,True,0.0,True,-0.5,
native,0,all,deepseek-v4-pro,0,15.0,HumanEval/31,repair_minus_resample,2,2,True,0.5,True,0.5,
native,0,all,deepseek-v4-pro,0,15.0,HumanEval/32,repair_minus_resample,2,2,True,0.0,True,0.0,
native,0,all,deepseek-v4-pro,0,15.0,HumanEval/55,repair_minus_resample,2,2,True,0.0,True,0.0,
native,0,all,deepseek-v4-pro,0,15.0,HumanEval/56,repair_minus_resample,2,2,True,0.0,True,0.0,
native,0,all,deepseek-v4-pro,0,15.0,HumanEval/7,repair_minus_resample,2,2,True,0.0,True,0.0,
native,0,all,deepseek-v4-pro,0,15.0,HumanEval/99,repair_minus_resample,2,2,True,0.0,True,0.5,
native,0,all,deepseek-v4-pro,1,5.0,HumanEval/16,repair_minus_resample,2,2,True,0.0,True,0.0,
native,0,all,deepseek-v4-pro,1,5.0,HumanEval/18,repair_minus_resample,2,2,True,0.0,True,0.0,
native,0,all,deepseek-v4-pro,1,5.0,HumanEval/31,repair_minus_resample,2,2,True,0.0,True,0.0,
native,0,all,deepseek-v4-pro,1,5.0,HumanEval/32,repair_minus_resample,2,2,True,0.0,True,0.0,
native,0,all,deepseek-v4-pro,1,5.0,HumanEval/55,repair_minus_resample,2,2,True,0.0,True,0.0,
native,0,all,deepseek-v4-pro,1,5.0,HumanEval/56,repair_minus_resample,2,2,True,0.0,True,0.0,
native,0,all,deepseek-v4-pro,1,5.0,HumanEval/7,repair_minus_resample,2,2,True,0.0,True,0.0,
native,0,all,deepseek-v4-pro,1,5.0,HumanEval/99,repair_minus_resample,2,2,True,0.5,True,0.5,
native,0,all,deepseek-v4-pro,1,15.0,HumanEval/16,repair_minus_resample,2,2,True,0.0,True,0.0,
native,0,all,deepseek-v4-pro,1,15.0,HumanEval/18,repair_minus_resample,2,2,True,0.0,True,0.0,
native,0,all,deepseek-v4-pro,1,15.0,HumanEval/31,repair_minus_resample,2,2,True,0.0,True,0.5,
native,0,all,deepseek-v4-pro,1,15.0,HumanEval/32,repair_minus_resample,2,2,True,0.0,True,0.0,
native,0,all,deepseek-v4-pro,1,15.0,HumanEval/55,repair_minus_resample,2,2,True,0.0,True,0.0,
native,0,all,deepseek-v4-pro,1,15.0,HumanEval/56,repair_minus_resample,2,2,True,0.0,True,0.0,
native,0,all,deepseek-v4-pro,1,15.0,HumanEval/7,repair_minus_resample,2,2,True,0.0,True,0.0,
native,0,all,deepseek-v4-pro,1,15.0,HumanEval/99,repair_minus_resample,2,2,True,0.0,True,0.5,
native,0,first_attempt_public_or_format_failure,deepseek-v4-pro,0,5.0,HumanEval/16,repair_minus_resample,0,1,False,,False,,
native,0,first_attempt_public_or_format_failure,deepseek-v4-pro,0,5.0,HumanEval/18,repair_minus_resample,1,0,False,,False,,
native,0,first_attempt_public_or_format_failure,deepseek-v4-pro,0,5.0,HumanEval/31,repair_minus_resample,0,1,False,,False,,
native,0,first_attempt_public_or_format_failure,deepseek-v4-pro,0,5.0,HumanEval/32,repair_minus_resample,1,0,False,,False,,
native,0,first_attempt_public_or_format_failure,deepseek-v4-pro,0,5.0,HumanEval/99,repair_minus_resample,1,2,True,0.0,True,0.0,
native,0,first_attempt_public_or_format_failure,deepseek-v4-pro,0,15.0,HumanEval/16,repair_minus_resample,0,1,False,,False,,
native,0,first_attempt_public_or_format_failure,deepseek-v4-pro,0,15.0,HumanEval/18,repair_minus_resample,1,0,False,,False,,
native,0,first_attempt_public_or_format_failure,deepseek-v4-pro,0,15.0,HumanEval/31,repair_minus_resample,0,1,False,,False,,
native,0,first_attempt_public_or_format_failure,deepseek-v4-pro,0,15.0,HumanEval/32,repair_minus_resample,1,0,False,,False,,
native,0,first_attempt_public_or_format_failure,deepseek-v4-pro,0,15.0,HumanEval/99,repair_minus_resample,1,2,True,0.0,True,0.0,
native,0,first_attempt_public_or_format_failure,deepseek-v4-pro,1,5.0,HumanEval/31,repair_minus_resample,0,1,False,,False,,
native,0,first_attempt_public_or_format_failure,deepseek-v4-pro,1,5.0,HumanEval/32,repair_minus_resample,2,0,False,,False,,
native,0,first_attempt_public_or_format_failure,deepseek-v4-pro,1,5.0,HumanEval/99,repair_minus_resample,1,2,True,0.0,True,0.0,
native,0,first_attempt_public_or_format_failure,deepseek-v4-pro,1,15.0,HumanEval/31,repair_minus_resample,0,1,False,,False,,
native,0,first_attempt_public_or_format_failure,deepseek-v4-pro,1,15.0,HumanEval/32,repair_minus_resample,2,0,False,,False,,
native,0,first_attempt_public_or_format_failure,deepseek-v4-pro,1,15.0,HumanEval/99,repair_minus_resample,1,2,True,0.0,True,0.0,
native,1,all,deepseek-flash,0,5.0,HumanEval/16,repair_minus_resample,2,2,True,0.0,True,0.0,
native,1,all,deepseek-flash,0,5.0,HumanEval/18,repair_minus_resample,2,2,True,0.0,True,0.0,
native,1,all,deepseek-flash,0,5.0,HumanEval/31,repair_minus_resample,2,2,True,0.0,True,0.0,
native,1,all,deepseek-flash,0,5.0,HumanEval/55,repair_minus_resample,2,2,True,0.0,True,0.0,
native,1,all,deepseek-flash,0,5.0,HumanEval/56,repair_minus_resample,2,2,True,0.0,True,0.0,
native,1,all,deepseek-flash,0,5.0,HumanEval/7,repair_minus_resample,2,2,True,0.0,True,0.0,
native,1,all,deepseek-flash,0,5.0,HumanEval/99,repair_minus_resample,2,2,True,0.0,True,0.0,
native,1,all,deepseek-flash,0,15.0,HumanEval/16,repair_minus_resample,2,2,True,0.0,True,0.0,
native,1,all,deepseek-flash,0,15.0,HumanEval/18,repair_minus_resample,2,2,True,0.0,True,0.0,
native,1,all,deepseek-flash,0,15.0,HumanEval/31,repair_minus_resample,2,2,True,0.0,True,0.0,
native,1,all,deepseek-flash,0,15.0,HumanEval/55,repair_minus_resample,2,2,True,0.0,True,0.0,
native,1,all,deepseek-flash,0,15.0,HumanEval/56,repair_minus_resample,2,2,True,0.0,True,0.0,
native,1,all,deepseek-flash,0,15.0,HumanEval/7,repair_minus_resample,2,2,True,0.0,True,0.0,
native,1,all,deepseek-flash,0,15.0,HumanEval/99,repair_minus_resample,2,2,True,0.0,True,0.0,
native,1,all,deepseek-flash,1,5.0,HumanEval/16,repair_minus_resample,2,2,True,0.0,True,0.0,
native,1,all,deepseek-flash,1,5.0,HumanEval/18,repair_minus_resample,2,2,True,0.0,True,0.0,
native,1,all,deepseek-flash,1,5.0,HumanEval/31,repair_minus_resample,2,2,True,0.0,True,0.0,
native,1,all,deepseek-flash,1,5.0,HumanEval/55,repair_minus_resample,2,2,True,0.0,True,0.0,
native,1,all,deepseek-flash,1,5.0,HumanEval/56,repair_minus_resample,2,2,True,0.0,True,0.0,
native,1,all,deepseek-flash,1,5.0,HumanEval/7,repair_minus_resample,2,2,True,0.0,True,0.0,
native,1,all,deepseek-flash,1,5.0,HumanEval/99,repair_minus_resample,2,2,True,-0.5,True,-0.5,
native,1,all,deepseek-flash,1,15.0,HumanEval/16,repair_minus_resample,2,2,True,0.0,True,0.0,
native,1,all,deepseek-flash,1,15.0,HumanEval/18,repair_minus_resample,2,2,True,0.0,True,0.0,
native,1,all,deepseek-flash,1,15.0,HumanEval/31,repair_minus_resample,2,2,True,0.0,True,0.0,
native,1,all,deepseek-flash,1,15.0,HumanEval/55,repair_minus_resample,2,2,True,0.0,True,0.0,
native,1,all,deepseek-flash,1,15.0,HumanEval/56,repair_minus_resample,2,2,True,0.0,True,0.0,
native,1,all,deepseek-flash,1,15.0,HumanEval/7,repair_minus_resample,2,2,True,0.0,True,0.0,
native,1,all,deepseek-flash,1,15.0,HumanEval/99,repair_minus_resample,2,2,True,-0.5,True,-0.5,
native,1,all,deepseek-v4-pro,0,5.0,HumanEval/16,repair_minus_resample,2,2,True,0.0,True,0.5,
native,1,all,deepseek-v4-pro,0,5.0,HumanEval/18,repair_minus_resample,2,2,True,-0.5,True,-0.5,
native,1,all,deepseek-v4-pro,0,5.0,HumanEval/31,repair_minus_resample,2,2,True,0.0,True,0.0,
native,1,all,deepseek-v4-pro,0,5.0,HumanEval/55,repair_minus_resample,2,2,True,0.0,True,0.0,
native,1,all,deepseek-v4-pro,0,5.0,HumanEval/56,repair_minus_resample,2,2,True,0.0,True,0.0,
native,1,all,deepseek-v4-pro,0,5.0,HumanEval/7,repair_minus_resample,2,2,True,0.0,True,0.0,
native,1,all,deepseek-v4-pro,0,5.0,HumanEval/99,repair_minus_resample,2,2,True,0.5,True,0.5,
native,1,all,deepseek-v4-pro,0,15.0,HumanEval/16,repair_minus_resample,2,2,True,0.0,True,0.5,
native,1,all,deepseek-v4-pro,0,15.0,HumanEval/18,repair_minus_resample,2,2,True,0.0,True,-0.5,
native,1,all,deepseek-v4-pro,0,15.0,HumanEval/31,repair_minus_resample,2,2,True,0.5,True,0.5,
native,1,all,deepseek-v4-pro,0,15.0,HumanEval/55,repair_minus_resample,2,2,True,0.0,True,0.0,
native,1,all,deepseek-v4-pro,0,15.0,HumanEval/56,repair_minus_resample,2,2,True,0.0,True,0.0,
native,1,all,deepseek-v4-pro,0,15.0,HumanEval/7,repair_minus_resample,2,2,True,0.0,True,0.0,
native,1,all,deepseek-v4-pro,0,15.0,HumanEval/99,repair_minus_resample,2,2,True,0.0,True,0.5,
native,1,all,deepseek-v4-pro,1,5.0,HumanEval/16,repair_minus_resample,2,2,True,0.0,True,0.0,
native,1,all,deepseek-v4-pro,1,5.0,HumanEval/18,repair_minus_resample,2,2,True,0.0,True,0.0,
native,1,all,deepseek-v4-pro,1,5.0,HumanEval/31,repair_minus_resample,2,2,True,0.0,True,0.0,
native,1,all,deepseek-v4-pro,1,5.0,HumanEval/55,repair_minus_resample,2,2,True,0.0,True,0.0,
native,1,all,deepseek-v4-pro,1,5.0,HumanEval/56,repair_minus_resample,2,2,True,0.0,True,0.0,
native,1,all,deepseek-v4-pro,1,5.0,HumanEval/7,repair_minus_resample,2,2,True,0.0,True,0.0,
native,1,all,deepseek-v4-pro,1,5.0,HumanEval/99,repair_minus_resample,2,2,True,0.5,True,0.5,
native,1,all,deepseek-v4-pro,1,15.0,HumanEval/16,repair_minus_resample,2,2,True,0.0,True,0.0,
native,1,all,deepseek-v4-pro,1,15.0,HumanEval/18,repair_minus_resample,2,2,True,0.0,True,0.0,
native,1,all,deepseek-v4-pro,1,15.0,HumanEval/31,repair_minus_resample,2,2,True,0.0,True,0.5,
native,1,all,deepseek-v4-pro,1,15.0,HumanEval/55,repair_minus_resample,2,2,True,0.0,True,0.0,
native,1,all,deepseek-v4-pro,1,15.0,HumanEval/56,repair_minus_resample,2,2,True,0.0,True,0.0,
native,1,all,deepseek-v4-pro,1,15.0,HumanEval/7,repair_minus_resample,2,2,True,0.0,True,0.0,
native,1,all,deepseek-v4-pro,1,15.0,HumanEval/99,repair_minus_resample,2,2,True,0.0,True,0.5,
native,1,first_attempt_public_or_format_failure,deepseek-v4-pro,0,5.0,HumanEval/16,repair_minus_resample,0,1,False,,False,,
native,1,first_attempt_public_or_format_failure,deepseek-v4-pro,0,5.0,HumanEval/18,repair_minus_resample,1,0,False,,False,,
native,1,first_attempt_public_or_format_failure,deepseek-v4-pro,0,5.0,HumanEval/31,repair_minus_resample,0,1,False,,False,,
native,1,first_attempt_public_or_format_failure,deepseek-v4-pro,0,5.0,HumanEval/99,repair_minus_resample,1,2,True,0.0,True,0.0,
native,1,first_attempt_public_or_format_failure,deepseek-v4-pro,0,15.0,HumanEval/16,repair_minus_resample,0,1,False,,False,,
native,1,first_attempt_public_or_format_failure,deepseek-v4-pro,0,15.0,HumanEval/18,repair_minus_resample,1,0,False,,False,,
native,1,first_attempt_public_or_format_failure,deepseek-v4-pro,0,15.0,HumanEval/31,repair_minus_resample,0,1,False,,False,,
native,1,first_attempt_public_or_format_failure,deepseek-v4-pro,0,15.0,HumanEval/99,repair_minus_resample,1,2,True,0.0,True,0.0,
native,1,first_attempt_public_or_format_failure,deepseek-v4-pro,1,5.0,HumanEval/31,repair_minus_resample,0,1,False,,False,,
native,1,first_attempt_public_or_format_failure,deepseek-v4-pro,1,5.0,HumanEval/99,repair_minus_resample,1,2,True,0.0,True,0.0,
native,1,first_attempt_public_or_format_failure,deepseek-v4-pro,1,15.0,HumanEval/31,repair_minus_resample,0,1,False,,False,,
native,1,first_attempt_public_or_format_failure,deepseek-v4-pro,1,15.0,HumanEval/99,repair_minus_resample,1,2,True,0.0,True,0.0,
common,0,all,,0,5.0,HumanEval/99,flash_minus_pro,2,2,True,0.0,True,0.0,repair
common,0,all,,0,15.0,HumanEval/99,flash_minus_pro,2,2,True,-1.0,True,0.0,repair
common,0,all,,1,5.0,HumanEval/99,flash_minus_pro,2,2,True,-0.5,True,-0.5,repair
common,0,all,,1,15.0,HumanEval/99,flash_minus_pro,2,2,True,-1.0,True,-0.5,repair
common,0,all,,0,5.0,HumanEval/99,flash_minus_pro,2,2,True,-0.5,True,0.0,resample
common,0,all,,0,15.0,HumanEval/99,flash_minus_pro,2,2,True,-1.0,True,0.0,resample
common,0,all,,1,5.0,HumanEval/99,flash_minus_pro,2,2,True,-0.5,True,-0.5,resample
common,0,all,,1,15.0,HumanEval/99,flash_minus_pro,2,2,True,-0.5,True,-0.5,resample
common,1,all,,0,5.0,HumanEval/99,flash_minus_pro,2,2,True,0.0,True,0.0,repair
common,1,all,,0,15.0,HumanEval/99,flash_minus_pro,2,2,True,-1.0,True,0.0,repair
common,1,all,,1,5.0,HumanEval/99,flash_minus_pro,2,2,True,-0.5,True,-0.5,repair
common,1,all,,1,15.0,HumanEval/99,flash_minus_pro,2,2,True,-1.0,True,-0.5,repair
common,1,all,,0,5.0,HumanEval/99,flash_minus_pro,2,2,True,-0.5,True,0.0,resample
common,1,all,,0,15.0,HumanEval/99,flash_minus_pro,2,2,True,-1.0,True,0.0,resample
common,1,all,,1,5.0,HumanEval/99,flash_minus_pro,2,2,True,-0.5,True,-0.5,resample
common,1,all,,1,15.0,HumanEval/99,flash_minus_pro,2,2,True,-0.5,True,-0.5,resample
native,0,all,,0,5.0,HumanEval/16,flash_minus_pro,2,2,True,0.0,True,0.0,repair
native,0,all,,0,5.0,HumanEval/18,flash_minus_pro,2,2,True,0.5,True,0.5,repair
native,0,all,,0,5.0,HumanEval/31,flash_minus_pro,2,2,True,0.5,True,0.5,repair
native,0,all,,0,5.0,HumanEval/32,flash_minus_pro,2,2,True,0.0,True,0.0,repair
native,0,all,,0,5.0,HumanEval/55,flash_minus_pro,2,2,True,0.0,True,0.0,repair
native,0,all,,0,5.0,HumanEval/56,flash_minus_pro,2,2,True,0.0,True,0.0,repair
native,0,all,,0,5.0,HumanEval/7,flash_minus_pro,2,2,True,0.0,True,0.0,repair
native,0,all,,0,5.0,HumanEval/99,flash_minus_pro,2,2,True,0.0,True,0.0,repair
native,0,all,,0,15.0,HumanEval/16,flash_minus_pro,2,2,True,0.0,True,0.0,repair
native,0,all,,0,15.0,HumanEval/18,flash_minus_pro,2,2,True,0.0,True,0.5,repair
native,0,all,,0,15.0,HumanEval/31,flash_minus_pro,2,2,True,0.0,True,0.0,repair
native,0,all,,0,15.0,HumanEval/32,flash_minus_pro,2,2,True,0.0,True,0.0,repair
native,0,all,,0,15.0,HumanEval/55,flash_minus_pro,2,2,True,0.0,True,0.0,repair
native,0,all,,0,15.0,HumanEval/56,flash_minus_pro,2,2,True,0.0,True,0.0,repair
native,0,all,,0,15.0,HumanEval/7,flash_minus_pro,2,2,True,0.0,True,0.0,repair
native,0,all,,0,15.0,HumanEval/99,flash_minus_pro,2,2,True,-0.5,True,0.0,repair
native,0,all,,1,5.0,HumanEval/16,flash_minus_pro,2,2,True,0.0,True,0.0,repair
native,0,all,,1,5.0,HumanEval/18,flash_minus_pro,2,2,True,0.0,True,0.0,repair
native,0,all,,1,5.0,HumanEval/31,flash_minus_pro,2,2,True,0.5,True,0.5,repair
native,0,all,,1,5.0,HumanEval/32,flash_minus_pro,2,2,True,0.0,True,0.0,repair
native,0,all,,1,5.0,HumanEval/55,flash_minus_pro,2,2,True,0.0,True,0.0,repair
native,0,all,,1,5.0,HumanEval/56,flash_minus_pro,2,2,True,0.0,True,0.0,repair
native,0,all,,1,5.0,HumanEval/7,flash_minus_pro,2,2,True,0.0,True,0.0,repair
native,0,all,,1,5.0,HumanEval/99,flash_minus_pro,2,2,True,-0.5,True,-0.5,repair
native,0,all,,1,15.0,HumanEval/16,flash_minus_pro,2,2,True,0.0,True,0.0,repair
native,0,all,,1,15.0,HumanEval/18,flash_minus_pro,2,2,True,0.0,True,0.0,repair
native,0,all,,1,15.0,HumanEval/31,flash_minus_pro,2,2,True,0.0,True,0.0,repair
native,0,all,,1,15.0,HumanEval/32,flash_minus_pro,2,2,True,0.0,True,0.0,repair
native,0,all,,1,15.0,HumanEval/55,flash_minus_pro,2,2,True,0.0,True,0.0,repair
native,0,all,,1,15.0,HumanEval/56,flash_minus_pro,2,2,True,0.0,True,0.0,repair
native,0,all,,1,15.0,HumanEval/7,flash_minus_pro,2,2,True,0.0,True,0.0,repair
native,0,all,,1,15.0,HumanEval/99,flash_minus_pro,2,2,True,-1.0,True,-0.5,repair
native,0,all,,0,5.0,HumanEval/16,flash_minus_pro,2,2,True,0.0,True,0.5,resample
native,0,all,,0,5.0,HumanEval/18,flash_minus_pro,2,2,True,0.0,True,0.0,resample
native,0,all,,0,5.0,HumanEval/31,flash_minus_pro,2,2,True,0.5,True,0.5,resample
native,0,all,,0,5.0,HumanEval/32,flash_minus_pro,2,2,True,0.0,True,0.0,resample
native,0,all,,0,5.0,HumanEval/55,flash_minus_pro,2,2,True,0.0,True,0.0,resample
native,0,all,,0,5.0,HumanEval/56,flash_minus_pro,2,2,True,0.0,True,0.0,resample
native,0,all,,0,5.0,HumanEval/7,flash_minus_pro,2,2,True,0.0,True,0.0,resample
native,0,all,,0,5.0,HumanEval/99,flash_minus_pro,2,2,True,0.5,True,0.5,resample
native,0,all,,0,15.0,HumanEval/16,flash_minus_pro,2,2,True,0.0,True,0.5,resample
native,0,all,,0,15.0,HumanEval/18,flash_minus_pro,2,2,True,0.0,True,0.0,resample
native,0,all,,0,15.0,HumanEval/31,flash_minus_pro,2,2,True,0.5,True,0.5,resample
native,0,all,,0,15.0,HumanEval/32,flash_minus_pro,2,2,True,0.0,True,0.0,resample
native,0,all,,0,15.0,HumanEval/55,flash_minus_pro,2,2,True,0.0,True,0.0,resample
native,0,all,,0,15.0,HumanEval/56,flash_minus_pro,2,2,True,0.0,True,0.0,resample
native,0,all,,0,15.0,HumanEval/7,flash_minus_pro,2,2,True,0.0,True,0.0,resample
native,0,all,,0,15.0,HumanEval/99,flash_minus_pro,2,2,True,-0.5,True,0.5,resample
native,0,all,,1,5.0,HumanEval/16,flash_minus_pro,2,2,True,0.0,True,0.0,resample
native,0,all,,1,5.0,HumanEval/18,flash_minus_pro,2,2,True,0.0,True,0.0,resample
native,0,all,,1,5.0,HumanEval/31,flash_minus_pro,2,2,True,0.5,True,0.5,resample
native,0,all,,1,5.0,HumanEval/32,flash_minus_pro,2,2,True,0.0,True,0.0,resample
native,0,all,,1,5.0,HumanEval/55,flash_minus_pro,2,2,True,0.0,True,0.0,resample
native,0,all,,1,5.0,HumanEval/56,flash_minus_pro,2,2,True,0.0,True,0.0,resample
native,0,all,,1,5.0,HumanEval/7,flash_minus_pro,2,2,True,0.0,True,0.0,resample
native,0,all,,1,5.0,HumanEval/99,flash_minus_pro,2,2,True,0.5,True,0.5,resample
native,0,all,,1,15.0,HumanEval/16,flash_minus_pro,2,2,True,0.0,True,0.0,resample
native,0,all,,1,15.0,HumanEval/18,flash_minus_pro,2,2,True,0.0,True,0.0,resample
native,0,all,,1,15.0,HumanEval/31,flash_minus_pro,2,2,True,0.0,True,0.5,resample
native,0,all,,1,15.0,HumanEval/32,flash_minus_pro,2,2,True,0.0,True,0.0,resample
native,0,all,,1,15.0,HumanEval/55,flash_minus_pro,2,2,True,0.0,True,0.0,resample
native,0,all,,1,15.0,HumanEval/56,flash_minus_pro,2,2,True,0.0,True,0.0,resample
native,0,all,,1,15.0,HumanEval/7,flash_minus_pro,2,2,True,0.0,True,0.0,resample
native,0,all,,1,15.0,HumanEval/99,flash_minus_pro,2,2,True,-0.5,True,0.5,resample
native,0,first_attempt_public_or_format_failure,,0,5.0,HumanEval/18,flash_minus_pro,0,1,False,,False,,repair
native,0,first_attempt_public_or_format_failure,,0,5.0,HumanEval/32,flash_minus_pro,0,1,False,,False,,repair
native,0,first_attempt_public_or_format_failure,,0,5.0,HumanEval/99,flash_minus_pro,0,1,False,,False,,repair
native,0,first_attempt_public_or_format_failure,,0,15.0,HumanEval/18,flash_minus_pro,0,1,False,,False,,repair
native,0,first_attempt_public_or_format_failure,,0,15.0,HumanEval/32,flash_minus_pro,0,1,False,,False,,repair
native,0,first_attempt_public_or_format_failure,,0,15.0,HumanEval/99,flash_minus_pro,0,1,False,,False,,repair
native,0,first_attempt_public_or_format_failure,,1,5.0,HumanEval/32,flash_minus_pro,0,2,False,,False,,repair
native,0,first_attempt_public_or_format_failure,,1,5.0,HumanEval/99,flash_minus_pro,0,1,False,,False,,repair
native,0,first_attempt_public_or_format_failure,,1,15.0,HumanEval/32,flash_minus_pro,0,2,False,,False,,repair
native,0,first_attempt_public_or_format_failure,,1,15.0,HumanEval/99,flash_minus_pro,0,1,False,,False,,repair
native,0,first_attempt_public_or_format_failure,,0,5.0,HumanEval/16,flash_minus_pro,0,1,False,,False,,resample
native,0,first_attempt_public_or_format_failure,,0,5.0,HumanEval/31,flash_minus_pro,0,1,False,,False,,resample
native,0,first_attempt_public_or_format_failure,,0,5.0,HumanEval/99,flash_minus_pro,0,2,False,,False,,resample
native,0,first_attempt_public_or_format_failure,,0,15.0,HumanEval/16,flash_minus_pro,0,1,False,,False,,resample
native,0,first_attempt_public_or_format_failure,,0,15.0,HumanEval/31,flash_minus_pro,0,1,False,,False,,resample
native,0,first_attempt_public_or_format_failure,,0,15.0,HumanEval/99,flash_minus_pro,0,2,False,,False,,resample
native,0,first_attempt_public_or_format_failure,,1,5.0,HumanEval/31,flash_minus_pro,0,1,False,,False,,resample
native,0,first_attempt_public_or_format_failure,,1,5.0,HumanEval/99,flash_minus_pro,0,2,False,,False,,resample
native,0,first_attempt_public_or_format_failure,,1,15.0,HumanEval/31,flash_minus_pro,0,1,False,,False,,resample
native,0,first_attempt_public_or_format_failure,,1,15.0,HumanEval/99,flash_minus_pro,0,2,False,,False,,resample
native,1,all,,0,5.0,HumanEval/16,flash_minus_pro,2,2,True,0.0,True,0.0,repair
native,1,all,,0,5.0,HumanEval/18,flash_minus_pro,2,2,True,0.5,True,0.5,repair
native,1,all,,0,5.0,HumanEval/31,flash_minus_pro,2,2,True,0.5,True,0.5,repair
native,1,all,,0,5.0,HumanEval/55,flash_minus_pro,2,2,True,0.0,True,0.0,repair
native,1,all,,0,5.0,HumanEval/56,flash_minus_pro,2,2,True,0.0,True,0.0,repair
native,1,all,,0,5.0,HumanEval/7,flash_minus_pro,2,2,True,0.0,True,0.0,repair
native,1,all,,0,5.0,HumanEval/99,flash_minus_pro,2,2,True,0.0,True,0.0,repair
native,1,all,,0,15.0,HumanEval/16,flash_minus_pro,2,2,True,0.0,True,0.0,repair
native,1,all,,0,15.0,HumanEval/18,flash_minus_pro,2,2,True,0.0,True,0.5,repair
native,1,all,,0,15.0,HumanEval/31,flash_minus_pro,2,2,True,0.0,True,0.0,repair
native,1,all,,0,15.0,HumanEval/55,flash_minus_pro,2,2,True,0.0,True,0.0,repair
native,1,all,,0,15.0,HumanEval/56,flash_minus_pro,2,2,True,0.0,True,0.0,repair
native,1,all,,0,15.0,HumanEval/7,flash_minus_pro,2,2,True,0.0,True,0.0,repair
native,1,all,,0,15.0,HumanEval/99,flash_minus_pro,2,2,True,-0.5,True,0.0,repair
native,1,all,,1,5.0,HumanEval/16,flash_minus_pro,2,2,True,0.0,True,0.0,repair
native,1,all,,1,5.0,HumanEval/18,flash_minus_pro,2,2,True,0.0,True,0.0,repair
native,1,all,,1,5.0,HumanEval/31,flash_minus_pro,2,2,True,0.5,True,0.5,repair
native,1,all,,1,5.0,HumanEval/55,flash_minus_pro,2,2,True,0.0,True,0.0,repair
native,1,all,,1,5.0,HumanEval/56,flash_minus_pro,2,2,True,0.0,True,0.0,repair
native,1,all,,1,5.0,HumanEval/7,flash_minus_pro,2,2,True,0.0,True,0.0,repair
native,1,all,,1,5.0,HumanEval/99,flash_minus_pro,2,2,True,-0.5,True,-0.5,repair
native,1,all,,1,15.0,HumanEval/16,flash_minus_pro,2,2,True,0.0,True,0.0,repair
native,1,all,,1,15.0,HumanEval/18,flash_minus_pro,2,2,True,0.0,True,0.0,repair
native,1,all,,1,15.0,HumanEval/31,flash_minus_pro,2,2,True,0.0,True,0.0,repair
native,1,all,,1,15.0,HumanEval/55,flash_minus_pro,2,2,True,0.0,True,0.0,repair
native,1,all,,1,15.0,HumanEval/56,flash_minus_pro,2,2,True,0.0,True,0.0,repair
native,1,all,,1,15.0,HumanEval/7,flash_minus_pro,2,2,True,0.0,True,0.0,repair
native,1,all,,1,15.0,HumanEval/99,flash_minus_pro,2,2,True,-1.0,True,-0.5,repair
native,1,all,,0,5.0,HumanEval/16,flash_minus_pro,2,2,True,0.0,True,0.5,resample
native,1,all,,0,5.0,HumanEval/18,flash_minus_pro,2,2,True,0.0,True,0.0,resample
native,1,all,,0,5.0,HumanEval/31,flash_minus_pro,2,2,True,0.5,True,0.5,resample
native,1,all,,0,5.0,HumanEval/55,flash_minus_pro,2,2,True,0.0,True,0.0,resample
native,1,all,,0,5.0,HumanEval/56,flash_minus_pro,2,2,True,0.0,True,0.0,resample
native,1,all,,0,5.0,HumanEval/7,flash_minus_pro,2,2,True,0.0,True,0.0,resample
native,1,all,,0,5.0,HumanEval/99,flash_minus_pro,2,2,True,0.5,True,0.5,resample
native,1,all,,0,15.0,HumanEval/16,flash_minus_pro,2,2,True,0.0,True,0.5,resample
native,1,all,,0,15.0,HumanEval/18,flash_minus_pro,2,2,True,0.0,True,0.0,resample
native,1,all,,0,15.0,HumanEval/31,flash_minus_pro,2,2,True,0.5,True,0.5,resample
native,1,all,,0,15.0,HumanEval/55,flash_minus_pro,2,2,True,0.0,True,0.0,resample
native,1,all,,0,15.0,HumanEval/56,flash_minus_pro,2,2,True,0.0,True,0.0,resample
native,1,all,,0,15.0,HumanEval/7,flash_minus_pro,2,2,True,0.0,True,0.0,resample
native,1,all,,0,15.0,HumanEval/99,flash_minus_pro,2,2,True,-0.5,True,0.5,resample
native,1,all,,1,5.0,HumanEval/16,flash_minus_pro,2,2,True,0.0,True,0.0,resample
native,1,all,,1,5.0,HumanEval/18,flash_minus_pro,2,2,True,0.0,True,0.0,resample
native,1,all,,1,5.0,HumanEval/31,flash_minus_pro,2,2,True,0.5,True,0.5,resample
native,1,all,,1,5.0,HumanEval/55,flash_minus_pro,2,2,True,0.0,True,0.0,resample
native,1,all,,1,5.0,HumanEval/56,flash_minus_pro,2,2,True,0.0,True,0.0,resample
native,1,all,,1,5.0,HumanEval/7,flash_minus_pro,2,2,True,0.0,True,0.0,resample
native,1,all,,1,5.0,HumanEval/99,flash_minus_pro,2,2,True,0.5,True,0.5,resample
native,1,all,,1,15.0,HumanEval/16,flash_minus_pro,2,2,True,0.0,True,0.0,resample
native,1,all,,1,15.0,HumanEval/18,flash_minus_pro,2,2,True,0.0,True,0.0,resample
native,1,all,,1,15.0,HumanEval/31,flash_minus_pro,2,2,True,0.0,True,0.5,resample
native,1,all,,1,15.0,HumanEval/55,flash_minus_pro,2,2,True,0.0,True,0.0,resample
native,1,all,,1,15.0,HumanEval/56,flash_minus_pro,2,2,True,0.0,True,0.0,resample
native,1,all,,1,15.0,HumanEval/7,flash_minus_pro,2,2,True,0.0,True,0.0,resample
native,1,all,,1,15.0,HumanEval/99,flash_minus_pro,2,2,True,-0.5,True,0.5,resample
native,1,first_attempt_public_or_format_failure,,0,5.0,HumanEval/18,flash_minus_pro,0,1,False,,False,,repair
native,1,first_attempt_public_or_format_failure,,0,5.0,HumanEval/99,flash_minus_pro,0,1,False,,False,,repair
native,1,first_attempt_public_or_format_failure,,0,15.0,HumanEval/18,flash_minus_pro,0,1,False,,False,,repair
native,1,first_attempt_public_or_format_failure,,0,15.0,HumanEval/99,flash_minus_pro,0,1,False,,False,,repair
native,1,first_attempt_public_or_format_failure,,1,5.0,HumanEval/99,flash_minus_pro,0,1,False,,False,,repair
native,1,first_attempt_public_or_format_failure,,1,15.0,HumanEval/99,flash_minus_pro,0,1,False,,False,,repair
native,1,first_attempt_public_or_format_failure,,0,5.0,HumanEval/16,flash_minus_pro,0,1,False,,False,,resample
native,1,first_attempt_public_or_format_failure,,0,5.0,HumanEval/31,flash_minus_pro,0,1,False,,False,,resample
native,1,first_attempt_public_or_format_failure,,0,5.0,HumanEval/99,flash_minus_pro,0,2,False,,False,,resample
native,1,first_attempt_public_or_format_failure,,0,15.0,HumanEval/16,flash_minus_pro,0,1,False,,False,,resample
native,1,first_attempt_public_or_format_failure,,0,15.0,HumanEval/31,flash_minus_pro,0,1,False,,False,,resample
native,1,first_attempt_public_or_format_failure,,0,15.0,HumanEval/99,flash_minus_pro,0,2,False,,False,,resample
native,1,first_attempt_public_or_format_failure,,1,5.0,HumanEval/31,flash_minus_pro,0,1,False,,False,,resample
native,1,first_attempt_public_or_format_failure,,1,5.0,HumanEval/99,flash_minus_pro,0,2,False,,False,,resample
native,1,first_attempt_public_or_format_failure,,1,15.0,HumanEval/31,flash_minus_pro,0,1,False,,False,,resample
native,1,first_attempt_public_or_format_failure,,1,15.0,HumanEval/99,flash_minus_pro,0,2,False,,False,,resample
