cohort,exclude_he32,stratum,model,policy,delay_s,deadline_s,task_id,n_trajectories,n_tasks,n_pass,n_fail,n_timeout,n_infra,n_no_candidate,n_not_evaluated,n_not_started,pass_rate,baseline_n_pass,baseline_n_fail,baseline_n_timeout,baseline_n_infra,baseline_n_no_candidate,baseline_n_not_evaluated,baseline_n_not_started,baseline_pass_rate,n_gain_observed,mean_gain,quality_fully_observed,baseline_fully_observed,n_censored,n_guard_censored,n_interrupted,n_stopped_before_cutoff,cross_task_inference_supported
common,0,all,deepseek-flash,repair,0,5.0,HumanEval/99,2,1,0,2,0,0,0,0,0,0.0,0,2,0,0,0,0,0,0.0,2,0.0,True,True,0,0,0,0,False
common,0,all,deepseek-flash,repair,0,15.0,HumanEval/99,2,1,0,2,0,0,0,0,0,0.0,0,2,0,0,0,0,0,0.0,2,0.0,True,True,0,0,0,0,False
common,0,all,deepseek-flash,repair,1,5.0,HumanEval/99,2,1,0,2,0,0,0,0,0,0.0,0,2,0,0,0,0,0,0.0,2,0.0,True,True,0,0,0,0,False
common,0,all,deepseek-flash,repair,1,15.0,HumanEval/99,2,1,0,2,0,0,0,0,0,0.0,0,2,0,0,0,0,0,0.0,2,0.0,True,True,0,0,0,0,False
common,0,all,deepseek-flash,resample,0,5.0,HumanEval/99,2,1,0,2,0,0,0,0,0,0.0,0,2,0,0,0,0,0,0.0,2,0.0,True,True,0,0,0,0,False
common,0,all,deepseek-flash,resample,0,15.0,HumanEval/99,2,1,0,2,0,0,0,0,0,0.0,0,2,0,0,0,0,0,0.0,2,0.0,True,True,0,0,0,0,False
common,0,all,deepseek-flash,resample,1,5.0,HumanEval/99,2,1,1,1,0,0,0,0,0,0.5,1,1,0,0,0,0,0,0.5,2,0.0,True,True,0,0,0,0,False
common,0,all,deepseek-flash,resample,1,15.0,HumanEval/99,2,1,1,1,0,0,0,0,0,0.5,1,1,0,0,0,0,0,0.5,2,0.0,True,True,0,0,0,0,False
common,0,all,deepseek-v4-pro,repair,0,5.0,HumanEval/99,2,1,0,2,0,0,0,0,0,0.0,0,2,0,0,0,0,0,0.0,2,0.0,True,True,0,0,0,0,False
common,0,all,deepseek-v4-pro,repair,0,15.0,HumanEval/99,2,1,2,0,0,0,0,0,0,1.0,0,2,0,0,0,0,0,0.0,2,1.0,True,True,0,0,0,0,False
common,0,all,deepseek-v4-pro,repair,1,5.0,HumanEval/99,2,1,1,1,0,0,0,0,0,0.5,1,1,0,0,0,0,0,0.5,2,0.0,True,True,0,0,0,0,False
common,0,all,deepseek-v4-pro,repair,1,15.0,HumanEval/99,2,1,2,0,0,0,0,0,0,1.0,1,1,0,0,0,0,0,0.5,2,0.5,True,True,0,0,0,0,False
common,0,all,deepseek-v4-pro,resample,0,5.0,HumanEval/99,2,1,1,1,0,0,0,0,0,0.5,0,0,0,0,2,0,0,0.0,2,0.5,True,True,0,0,0,0,False
common,0,all,deepseek-v4-pro,resample,0,15.0,HumanEval/99,2,1,2,0,0,0,0,0,0,1.0,0,0,0,0,2,0,0,0.0,2,1.0,True,True,0,0,0,0,False
common,0,all,deepseek-v4-pro,resample,1,5.0,HumanEval/99,2,1,2,0,0,0,0,0,0,1.0,2,0,0,0,0,0,0,1.0,2,0.0,True,True,0,0,0,0,False
common,0,all,deepseek-v4-pro,resample,1,15.0,HumanEval/99,2,1,2,0,0,0,0,0,0,1.0,2,0,0,0,0,0,0,1.0,2,0.0,True,True,0,0,0,0,False
common,1,all,deepseek-flash,repair,0,5.0,HumanEval/99,2,1,0,2,0,0,0,0,0,0.0,0,2,0,0,0,0,0,0.0,2,0.0,True,True,0,0,0,0,False
common,1,all,deepseek-flash,repair,0,15.0,HumanEval/99,2,1,0,2,0,0,0,0,0,0.0,0,2,0,0,0,0,0,0.0,2,0.0,True,True,0,0,0,0,False
common,1,all,deepseek-flash,repair,1,5.0,HumanEval/99,2,1,0,2,0,0,0,0,0,0.0,0,2,0,0,0,0,0,0.0,2,0.0,True,True,0,0,0,0,False
common,1,all,deepseek-flash,repair,1,15.0,HumanEval/99,2,1,0,2,0,0,0,0,0,0.0,0,2,0,0,0,0,0,0.0,2,0.0,True,True,0,0,0,0,False
common,1,all,deepseek-flash,resample,0,5.0,HumanEval/99,2,1,0,2,0,0,0,0,0,0.0,0,2,0,0,0,0,0,0.0,2,0.0,True,True,0,0,0,0,False
common,1,all,deepseek-flash,resample,0,15.0,HumanEval/99,2,1,0,2,0,0,0,0,0,0.0,0,2,0,0,0,0,0,0.0,2,0.0,True,True,0,0,0,0,False
common,1,all,deepseek-flash,resample,1,5.0,HumanEval/99,2,1,1,1,0,0,0,0,0,0.5,1,1,0,0,0,0,0,0.5,2,0.0,True,True,0,0,0,0,False
common,1,all,deepseek-flash,resample,1,15.0,HumanEval/99,2,1,1,1,0,0,0,0,0,0.5,1,1,0,0,0,0,0,0.5,2,0.0,True,True,0,0,0,0,False
common,1,all,deepseek-v4-pro,repair,0,5.0,HumanEval/99,2,1,0,2,0,0,0,0,0,0.0,0,2,0,0,0,0,0,0.0,2,0.0,True,True,0,0,0,0,False
common,1,all,deepseek-v4-pro,repair,0,15.0,HumanEval/99,2,1,2,0,0,0,0,0,0,1.0,0,2,0,0,0,0,0,0.0,2,1.0,True,True,0,0,0,0,False
common,1,all,deepseek-v4-pro,repair,1,5.0,HumanEval/99,2,1,1,1,0,0,0,0,0,0.5,1,1,0,0,0,0,0,0.5,2,0.0,True,True,0,0,0,0,False
common,1,all,deepseek-v4-pro,repair,1,15.0,HumanEval/99,2,1,2,0,0,0,0,0,0,1.0,1,1,0,0,0,0,0,0.5,2,0.5,True,True,0,0,0,0,False
common,1,all,deepseek-v4-pro,resample,0,5.0,HumanEval/99,2,1,1,1,0,0,0,0,0,0.5,0,0,0,0,2,0,0,0.0,2,0.5,True,True,0,0,0,0,False
common,1,all,deepseek-v4-pro,resample,0,15.0,HumanEval/99,2,1,2,0,0,0,0,0,0,1.0,0,0,0,0,2,0,0,0.0,2,1.0,True,True,0,0,0,0,False
common,1,all,deepseek-v4-pro,resample,1,5.0,HumanEval/99,2,1,2,0,0,0,0,0,0,1.0,2,0,0,0,0,0,0,1.0,2,0.0,True,True,0,0,0,0,False
common,1,all,deepseek-v4-pro,resample,1,15.0,HumanEval/99,2,1,2,0,0,0,0,0,0,1.0,2,0,0,0,0,0,0,1.0,2,0.0,True,True,0,0,0,0,False
native,0,all,deepseek-flash,repair,0,5.0,HumanEval/16,2,1,2,0,0,0,0,0,0,1.0,2,0,0,0,0,0,0,1.0,2,0.0,True,True,0,0,0,0,False
native,0,all,deepseek-flash,repair,0,5.0,HumanEval/18,2,1,2,0,0,0,0,0,0,1.0,2,0,0,0,0,0,0,1.0,2,0.0,True,True,0,0,0,0,False
native,0,all,deepseek-flash,repair,0,5.0,HumanEval/31,2,1,2,0,0,0,0,0,0,1.0,2,0,0,0,0,0,0,1.0,2,0.0,True,True,0,0,0,0,False
native,0,all,deepseek-flash,repair,0,5.0,HumanEval/32,2,1,0,2,0,0,0,0,0,0.0,0,2,0,0,0,0,0,0.0,2,0.0,True,True,0,0,0,0,False
native,0,all,deepseek-flash,repair,0,5.0,HumanEval/55,2,1,2,0,0,0,0,0,0,1.0,2,0,0,0,0,0,0,1.0,2,0.0,True,True,0,0,0,0,False
native,0,all,deepseek-flash,repair,0,5.0,HumanEval/56,2,1,2,0,0,0,0,0,0,1.0,2,0,0,0,0,0,0,1.0,2,0.0,True,True,0,0,0,0,False
native,0,all,deepseek-flash,repair,0,5.0,HumanEval/7,2,1,2,0,0,0,0,0,0,1.0,2,0,0,0,0,0,0,1.0,2,0.0,True,True,0,0,0,0,False
native,0,all,deepseek-flash,repair,0,5.0,HumanEval/99,2,1,1,1,0,0,0,0,0,0.5,1,1,0,0,0,0,0,0.5,2,0.0,True,True,0,0,0,0,False
native,0,all,deepseek-flash,repair,0,15.0,HumanEval/16,2,1,2,0,0,0,0,0,0,1.0,2,0,0,0,0,0,0,1.0,2,0.0,True,True,0,0,0,0,False
native,0,all,deepseek-flash,repair,0,15.0,HumanEval/18,2,1,2,0,0,0,0,0,0,1.0,2,0,0,0,0,0,0,1.0,2,0.0,True,True,0,0,0,0,False
native,0,all,deepseek-flash,repair,0,15.0,HumanEval/31,2,1,2,0,0,0,0,0,0,1.0,2,0,0,0,0,0,0,1.0,2,0.0,True,True,0,0,0,0,False
native,0,all,deepseek-flash,repair,0,15.0,HumanEval/32,2,1,0,2,0,0,0,0,0,0.0,0,2,0,0,0,0,0,0.0,2,0.0,True,True,0,0,0,0,False
native,0,all,deepseek-flash,repair,0,15.0,HumanEval/55,2,1,2,0,0,0,0,0,0,1.0,2,0,0,0,0,0,0,1.0,2,0.0,True,True,0,0,0,0,False
native,0,all,deepseek-flash,repair,0,15.0,HumanEval/56,2,1,2,0,0,0,0,0,0,1.0,2,0,0,0,0,0,0,1.0,2,0.0,True,True,0,0,0,0,False
native,0,all,deepseek-flash,repair,0,15.0,HumanEval/7,2,1,2,0,0,0,0,0,0,1.0,2,0,0,0,0,0,0,1.0,2,0.0,True,True,0,0,0,0,False
native,0,all,deepseek-flash,repair,0,15.0,HumanEval/99,2,1,1,1,0,0,0,0,0,0.5,1,1,0,0,0,0,0,0.5,2,0.0,True,True,0,0,0,0,False
native,0,all,deepseek-flash,repair,1,5.0,HumanEval/16,2,1,2,0,0,0,0,0,0,1.0,2,0,0,0,0,0,0,1.0,2,0.0,True,True,0,0,0,0,False
native,0,all,deepseek-flash,repair,1,5.0,HumanEval/18,2,1,2,0,0,0,0,0,0,1.0,2,0,0,0,0,0,0,1.0,2,0.0,True,True,0,0,0,0,False
native,0,all,deepseek-flash,repair,1,5.0,HumanEval/31,2,1,2,0,0,0,0,0,0,1.0,2,0,0,0,0,0,0,1.0,2,0.0,True,True,0,0,0,0,False
native,0,all,deepseek-flash,repair,1,5.0,HumanEval/32,2,1,0,2,0,0,0,0,0,0.0,0,2,0,0,0,0,0,0.0,2,0.0,True,True,0,0,0,0,False
native,0,all,deepseek-flash,repair,1,5.0,HumanEval/55,2,1,2,0,0,0,0,0,0,1.0,2,0,0,0,0,0,0,1.0,2,0.0,True,True,0,0,0,0,False
native,0,all,deepseek-flash,repair,1,5.0,HumanEval/56,2,1,2,0,0,0,0,0,0,1.0,2,0,0,0,0,0,0,1.0,2,0.0,True,True,0,0,0,0,False
native,0,all,deepseek-flash,repair,1,5.0,HumanEval/7,2,1,2,0,0,0,0,0,0,1.0,2,0,0,0,0,0,0,1.0,2,0.0,True,True,0,0,0,0,False
native,0,all,deepseek-flash,repair,1,5.0,HumanEval/99,2,1,0,2,0,0,0,0,0,0.0,0,2,0,0,0,0,0,0.0,2,0.0,True,True,0,0,0,0,False
native,0,all,deepseek-flash,repair,1,15.0,HumanEval/16,2,1,2,0,0,0,0,0,0,1.0,2,0,0,0,0,0,0,1.0,2,0.0,True,True,0,0,0,0,False
native,0,all,deepseek-flash,repair,1,15.0,HumanEval/18,2,1,2,0,0,0,0,0,0,1.0,2,0,0,0,0,0,0,1.0,2,0.0,True,True,0,0,0,0,False
native,0,all,deepseek-flash,repair,1,15.0,HumanEval/31,2,1,2,0,0,0,0,0,0,1.0,2,0,0,0,0,0,0,1.0,2,0.0,True,True,0,0,0,0,False
native,0,all,deepseek-flash,repair,1,15.0,HumanEval/32,2,1,0,2,0,0,0,0,0,0.0,0,2,0,0,0,0,0,0.0,2,0.0,True,True,0,0,0,0,False
native,0,all,deepseek-flash,repair,1,15.0,HumanEval/55,2,1,2,0,0,0,0,0,0,1.0,2,0,0,0,0,0,0,1.0,2,0.0,True,True,0,0,0,0,False
native,0,all,deepseek-flash,repair,1,15.0,HumanEval/56,2,1,2,0,0,0,0,0,0,1.0,2,0,0,0,0,0,0,1.0,2,0.0,True,True,0,0,0,0,False
native,0,all,deepseek-flash,repair,1,15.0,HumanEval/7,2,1,2,0,0,0,0,0,0,1.0,2,0,0,0,0,0,0,1.0,2,0.0,True,True,0,0,0,0,False
native,0,all,deepseek-flash,repair,1,15.0,HumanEval/99,2,1,0,2,0,0,0,0,0,0.0,0,2,0,0,0,0,0,0.0,2,0.0,True,True,0,0,0,0,False
native,0,all,deepseek-flash,resample,0,5.0,HumanEval/16,2,1,2,0,0,0,0,0,0,1.0,2,0,0,0,0,0,0,1.0,2,0.0,True,True,0,0,0,0,False
native,0,all,deepseek-flash,resample,0,5.0,HumanEval/18,2,1,2,0,0,0,0,0,0,1.0,2,0,0,0,0,0,0,1.0,2,0.0,True,True,0,0,0,0,False
native,0,all,deepseek-flash,resample,0,5.0,HumanEval/31,2,1,2,0,0,0,0,0,0,1.0,2,0,0,0,0,0,0,1.0,2,0.0,True,True,0,0,0,0,False
native,0,all,deepseek-flash,resample,0,5.0,HumanEval/32,2,1,0,2,0,0,0,0,0,0.0,0,2,0,0,0,0,0,0.0,2,0.0,True,True,0,0,0,0,False
native,0,all,deepseek-flash,resample,0,5.0,HumanEval/55,2,1,2,0,0,0,0,0,0,1.0,2,0,0,0,0,0,0,1.0,2,0.0,True,True,0,0,0,0,False
native,0,all,deepseek-flash,resample,0,5.0,HumanEval/56,2,1,2,0,0,0,0,0,0,1.0,2,0,0,0,0,0,0,1.0,2,0.0,True,True,0,0,0,0,False
native,0,all,deepseek-flash,resample,0,5.0,HumanEval/7,2,1,2,0,0,0,0,0,0,1.0,2,0,0,0,0,0,0,1.0,2,0.0,True,True,0,0,0,0,False
native,0,all,deepseek-flash,resample,0,5.0,HumanEval/99,2,1,1,1,0,0,0,0,0,0.5,1,1,0,0,0,0,0,0.5,2,0.0,True,True,0,0,0,0,False
native,0,all,deepseek-flash,resample,0,15.0,HumanEval/16,2,1,2,0,0,0,0,0,0,1.0,2,0,0,0,0,0,0,1.0,2,0.0,True,True,0,0,0,0,False
native,0,all,deepseek-flash,resample,0,15.0,HumanEval/18,2,1,2,0,0,0,0,0,0,1.0,2,0,0,0,0,0,0,1.0,2,0.0,True,True,0,0,0,0,False
native,0,all,deepseek-flash,resample,0,15.0,HumanEval/31,2,1,2,0,0,0,0,0,0,1.0,2,0,0,0,0,0,0,1.0,2,0.0,True,True,0,0,0,0,False
native,0,all,deepseek-flash,resample,0,15.0,HumanEval/32,2,1,0,2,0,0,0,0,0,0.0,0,2,0,0,0,0,0,0.0,2,0.0,True,True,0,0,0,0,False
native,0,all,deepseek-flash,resample,0,15.0,HumanEval/55,2,1,2,0,0,0,0,0,0,1.0,2,0,0,0,0,0,0,1.0,2,0.0,True,True,0,0,0,0,False
native,0,all,deepseek-flash,resample,0,15.0,HumanEval/56,2,1,2,0,0,0,0,0,0,1.0,2,0,0,0,0,0,0,1.0,2,0.0,True,True,0,0,0,0,False
native,0,all,deepseek-flash,resample,0,15.0,HumanEval/7,2,1,2,0,0,0,0,0,0,1.0,2,0,0,0,0,0,0,1.0,2,0.0,True,True,0,0,0,0,False
native,0,all,deepseek-flash,resample,0,15.0,HumanEval/99,2,1,1,1,0,0,0,0,0,0.5,1,1,0,0,0,0,0,0.5,2,0.0,True,True,0,0,0,0,False
native,0,all,deepseek-flash,resample,1,5.0,HumanEval/16,2,1,2,0,0,0,0,0,0,1.0,2,0,0,0,0,0,0,1.0,2,0.0,True,True,0,0,0,0,False
native,0,all,deepseek-flash,resample,1,5.0,HumanEval/18,2,1,2,0,0,0,0,0,0,1.0,2,0,0,0,0,0,0,1.0,2,0.0,True,True,0,0,0,0,False
native,0,all,deepseek-flash,resample,1,5.0,HumanEval/31,2,1,2,0,0,0,0,0,0,1.0,2,0,0,0,0,0,0,1.0,2,0.0,True,True,0,0,0,0,False
native,0,all,deepseek-flash,resample,1,5.0,HumanEval/32,2,1,0,1,1,0,0,0,0,0.0,0,1,1,0,0,0,0,0.0,2,0.0,True,True,0,0,0,0,False
native,0,all,deepseek-flash,resample,1,5.0,HumanEval/55,2,1,2,0,0,0,0,0,0,1.0,2,0,0,0,0,0,0,1.0,2,0.0,True,True,0,0,0,0,False
native,0,all,deepseek-flash,resample,1,5.0,HumanEval/56,2,1,2,0,0,0,0,0,0,1.0,2,0,0,0,0,0,0,1.0,2,0.0,True,True,0,0,0,0,False
native,0,all,deepseek-flash,resample,1,5.0,HumanEval/7,2,1,2,0,0,0,0,0,0,1.0,2,0,0,0,0,0,0,1.0,2,0.0,True,True,0,0,0,0,False
native,0,all,deepseek-flash,resample,1,5.0,HumanEval/99,2,1,1,1,0,0,0,0,0,0.5,1,1,0,0,0,0,0,0.5,2,0.0,True,True,0,0,0,0,False
native,0,all,deepseek-flash,resample,1,15.0,HumanEval/16,2,1,2,0,0,0,0,0,0,1.0,2,0,0,0,0,0,0,1.0,2,0.0,True,True,0,0,0,0,False
native,0,all,deepseek-flash,resample,1,15.0,HumanEval/18,2,1,2,0,0,0,0,0,0,1.0,2,0,0,0,0,0,0,1.0,2,0.0,True,True,0,0,0,0,False
native,0,all,deepseek-flash,resample,1,15.0,HumanEval/31,2,1,2,0,0,0,0,0,0,1.0,2,0,0,0,0,0,0,1.0,2,0.0,True,True,0,0,0,0,False
native,0,all,deepseek-flash,resample,1,15.0,HumanEval/32,2,1,0,1,1,0,0,0,0,0.0,0,1,1,0,0,0,0,0.0,2,0.0,True,True,0,0,0,0,False
native,0,all,deepseek-flash,resample,1,15.0,HumanEval/55,2,1,2,0,0,0,0,0,0,1.0,2,0,0,0,0,0,0,1.0,2,0.0,True,True,0,0,0,0,False
native,0,all,deepseek-flash,resample,1,15.0,HumanEval/56,2,1,2,0,0,0,0,0,0,1.0,2,0,0,0,0,0,0,1.0,2,0.0,True,True,0,0,0,0,False
native,0,all,deepseek-flash,resample,1,15.0,HumanEval/7,2,1,2,0,0,0,0,0,0,1.0,2,0,0,0,0,0,0,1.0,2,0.0,True,True,0,0,0,0,False
native,0,all,deepseek-flash,resample,1,15.0,HumanEval/99,2,1,1,1,0,0,0,0,0,0.5,1,1,0,0,0,0,0,0.5,2,0.0,True,True,0,0,0,0,False
native,0,all,deepseek-v4-pro,repair,0,5.0,HumanEval/16,2,1,2,0,0,0,0,0,0,1.0,2,0,0,0,0,0,0,1.0,2,0.0,True,True,0,0,0,0,False
native,0,all,deepseek-v4-pro,repair,0,5.0,HumanEval/18,2,1,1,0,0,0,1,0,0,0.5,1,0,0,0,1,0,0,0.5,2,0.0,True,True,0,0,0,0,False
native,0,all,deepseek-v4-pro,repair,0,5.0,HumanEval/31,2,1,1,0,0,0,1,0,0,0.5,1,0,0,0,1,0,0,0.5,2,0.0,True,True,0,0,0,0,False
native,0,all,deepseek-v4-pro,repair,0,5.0,HumanEval/32,2,1,0,0,0,0,2,0,0,0.0,0,0,0,0,2,0,0,0.0,2,0.0,True,True,0,0,0,0,False
native,0,all,deepseek-v4-pro,repair,0,5.0,HumanEval/55,2,1,2,0,0,0,0,0,0,1.0,2,0,0,0,0,0,0,1.0,2,0.0,True,True,0,0,0,0,False
native,0,all,deepseek-v4-pro,repair,0,5.0,HumanEval/56,2,1,2,0,0,0,0,0,0,1.0,2,0,0,0,0,0,0,1.0,2,0.0,True,True,0,0,0,0,False
native,0,all,deepseek-v4-pro,repair,0,5.0,HumanEval/7,2,1,2,0,0,0,0,0,0,1.0,2,0,0,0,0,0,0,1.0,2,0.0,True,True,0,0,0,0,False
native,0,all,deepseek-v4-pro,repair,0,5.0,HumanEval/99,2,1,1,0,0,0,1,0,0,0.5,1,0,0,0,1,0,0,0.5,2,0.0,True,True,0,0,0,0,False
native,0,all,deepseek-v4-pro,repair,0,15.0,HumanEval/16,2,1,2,0,0,0,0,0,0,1.0,2,0,0,0,0,0,0,1.0,2,0.0,True,True,0,0,0,0,False
native,0,all,deepseek-v4-pro,repair,0,15.0,HumanEval/18,2,1,2,0,0,0,0,0,0,1.0,1,0,0,0,1,0,0,0.5,2,0.5,True,True,0,0,0,0,False
native,0,all,deepseek-v4-pro,repair,0,15.0,HumanEval/31,2,1,2,0,0,0,0,0,0,1.0,2,0,0,0,0,0,0,1.0,2,0.0,True,True,0,0,0,0,False
native,0,all,deepseek-v4-pro,repair,0,15.0,HumanEval/32,2,1,0,2,0,0,0,0,0,0.0,0,1,0,0,1,0,0,0.0,2,0.0,True,True,0,0,0,0,False
native,0,all,deepseek-v4-pro,repair,0,15.0,HumanEval/55,2,1,2,0,0,0,0,0,0,1.0,2,0,0,0,0,0,0,1.0,2,0.0,True,True,0,0,0,0,False
native,0,all,deepseek-v4-pro,repair,0,15.0,HumanEval/56,2,1,2,0,0,0,0,0,0,1.0,2,0,0,0,0,0,0,1.0,2,0.0,True,True,0,0,0,0,False
native,0,all,deepseek-v4-pro,repair,0,15.0,HumanEval/7,2,1,2,0,0,0,0,0,0,1.0,2,0,0,0,0,0,0,1.0,2,0.0,True,True,0,0,0,0,False
native,0,all,deepseek-v4-pro,repair,0,15.0,HumanEval/99,2,1,2,0,0,0,0,0,0,1.0,1,0,0,0,1,0,0,0.5,2,0.5,True,True,0,0,0,0,False
native,0,all,deepseek-v4-pro,repair,1,5.0,HumanEval/16,2,1,2,0,0,0,0,0,0,1.0,2,0,0,0,0,0,0,1.0,2,0.0,True,True,0,0,0,0,False
native,0,all,deepseek-v4-pro,repair,1,5.0,HumanEval/18,2,1,2,0,0,0,0,0,0,1.0,2,0,0,0,0,0,0,1.0,2,0.0,True,True,0,0,0,0,False
native,0,all,deepseek-v4-pro,repair,1,5.0,HumanEval/31,2,1,1,0,0,0,1,0,0,0.5,1,0,0,0,1,0,0,0.5,2,0.0,True,True,0,0,0,0,False
native,0,all,deepseek-v4-pro,repair,1,5.0,HumanEval/32,2,1,0,0,0,0,2,0,0,0.0,0,0,0,0,2,0,0,0.0,2,0.0,True,True,0,0,0,0,False
native,0,all,deepseek-v4-pro,repair,1,5.0,HumanEval/55,2,1,2,0,0,0,0,0,0,1.0,2,0,0,0,0,0,0,1.0,2,0.0,True,True,0,0,0,0,False
native,0,all,deepseek-v4-pro,repair,1,5.0,HumanEval/56,2,1,2,0,0,0,0,0,0,1.0,2,0,0,0,0,0,0,1.0,2,0.0,True,True,0,0,0,0,False
native,0,all,deepseek-v4-pro,repair,1,5.0,HumanEval/7,2,1,2,0,0,0,0,0,0,1.0,2,0,0,0,0,0,0,1.0,2,0.0,True,True,0,0,0,0,False
native,0,all,deepseek-v4-pro,repair,1,5.0,HumanEval/99,2,1,1,0,0,0,1,0,0,0.5,1,0,0,0,1,0,0,0.5,2,0.0,True,True,0,0,0,0,False
native,0,all,deepseek-v4-pro,repair,1,15.0,HumanEval/16,2,1,2,0,0,0,0,0,0,1.0,2,0,0,0,0,0,0,1.0,2,0.0,True,True,0,0,0,0,False
native,0,all,deepseek-v4-pro,repair,1,15.0,HumanEval/18,2,1,2,0,0,0,0,0,0,1.0,2,0,0,0,0,0,0,1.0,2,0.0,True,True,0,0,0,0,False
native,0,all,deepseek-v4-pro,repair,1,15.0,HumanEval/31,2,1,2,0,0,0,0,0,0,1.0,2,0,0,0,0,0,0,1.0,2,0.0,True,True,0,0,0,0,False
native,0,all,deepseek-v4-pro,repair,1,15.0,HumanEval/32,2,1,0,1,0,0,1,0,0,0.0,0,0,0,0,2,0,0,0.0,2,0.0,True,True,0,0,0,0,False
native,0,all,deepseek-v4-pro,repair,1,15.0,HumanEval/55,2,1,2,0,0,0,0,0,0,1.0,2,0,0,0,0,0,0,1.0,2,0.0,True,True,0,0,0,0,False
native,0,all,deepseek-v4-pro,repair,1,15.0,HumanEval/56,2,1,2,0,0,0,0,0,0,1.0,2,0,0,0,0,0,0,1.0,2,0.0,True,True,0,0,0,0,False
native,0,all,deepseek-v4-pro,repair,1,15.0,HumanEval/7,2,1,2,0,0,0,0,0,0,1.0,2,0,0,0,0,0,0,1.0,2,0.0,True,True,0,0,0,0,False
native,0,all,deepseek-v4-pro,repair,1,15.0,HumanEval/99,2,1,2,0,0,0,0,0,0,1.0,1,0,0,0,1,0,0,0.5,2,0.5,True,True,0,0,0,0,False
native,0,all,deepseek-v4-pro,resample,0,5.0,HumanEval/16,2,1,2,0,0,0,0,0,0,1.0,1,0,0,0,1,0,0,0.5,2,0.5,True,True,0,0,0,0,False
native,0,all,deepseek-v4-pro,resample,0,5.0,HumanEval/18,2,1,2,0,0,0,0,0,0,1.0,2,0,0,0,0,0,0,1.0,2,0.0,True,True,0,0,0,0,False
native,0,all,deepseek-v4-pro,resample,0,5.0,HumanEval/31,2,1,1,0,0,0,1,0,0,0.5,1,0,0,0,1,0,0,0.5,2,0.0,True,True,0,0,0,0,False
native,0,all,deepseek-v4-pro,resample,0,5.0,HumanEval/32,2,1,0,0,0,0,2,0,0,0.0,0,0,0,0,2,0,0,0.0,2,0.0,True,True,0,0,0,0,False
native,0,all,deepseek-v4-pro,resample,0,5.0,HumanEval/55,2,1,2,0,0,0,0,0,0,1.0,2,0,0,0,0,0,0,1.0,2,0.0,True,True,0,0,0,0,False
native,0,all,deepseek-v4-pro,resample,0,5.0,HumanEval/56,2,1,2,0,0,0,0,0,0,1.0,2,0,0,0,0,0,0,1.0,2,0.0,True,True,0,0,0,0,False
native,0,all,deepseek-v4-pro,resample,0,5.0,HumanEval/7,2,1,2,0,0,0,0,0,0,1.0,2,0,0,0,0,0,0,1.0,2,0.0,True,True,0,0,0,0,False
native,0,all,deepseek-v4-pro,resample,0,5.0,HumanEval/99,2,1,0,0,0,0,2,0,0,0.0,0,0,0,0,2,0,0,0.0,2,0.0,True,True,0,0,0,0,False
native,0,all,deepseek-v4-pro,resample,0,15.0,HumanEval/16,2,1,2,0,0,0,0,0,0,1.0,1,0,0,0,1,0,0,0.5,2,0.5,True,True,0,0,0,0,False
native,0,all,deepseek-v4-pro,resample,0,15.0,HumanEval/18,2,1,2,0,0,0,0,0,0,1.0,2,0,0,0,0,0,0,1.0,2,0.0,True,True,0,0,0,0,False
native,0,all,deepseek-v4-pro,resample,0,15.0,HumanEval/31,2,1,1,0,0,0,1,0,0,0.5,1,0,0,0,1,0,0,0.5,2,0.0,True,True,0,0,0,0,False
native,0,all,deepseek-v4-pro,resample,0,15.0,HumanEval/32,2,1,0,2,0,0,0,0,0,0.0,0,2,0,0,0,0,0,0.0,2,0.0,True,True,0,0,0,0,False
native,0,all,deepseek-v4-pro,resample,0,15.0,HumanEval/55,2,1,2,0,0,0,0,0,0,1.0,2,0,0,0,0,0,0,1.0,2,0.0,True,True,0,0,0,0,False
native,0,all,deepseek-v4-pro,resample,0,15.0,HumanEval/56,2,1,2,0,0,0,0,0,0,1.0,2,0,0,0,0,0,0,1.0,2,0.0,True,True,0,0,0,0,False
native,0,all,deepseek-v4-pro,resample,0,15.0,HumanEval/7,2,1,2,0,0,0,0,0,0,1.0,2,0,0,0,0,0,0,1.0,2,0.0,True,True,0,0,0,0,False
native,0,all,deepseek-v4-pro,resample,0,15.0,HumanEval/99,2,1,2,0,0,0,0,0,0,1.0,0,0,0,0,2,0,0,0.0,2,1.0,True,True,0,0,0,0,False
native,0,all,deepseek-v4-pro,resample,1,5.0,HumanEval/16,2,1,2,0,0,0,0,0,0,1.0,2,0,0,0,0,0,0,1.0,2,0.0,True,True,0,0,0,0,False
native,0,all,deepseek-v4-pro,resample,1,5.0,HumanEval/18,2,1,2,0,0,0,0,0,0,1.0,2,0,0,0,0,0,0,1.0,2,0.0,True,True,0,0,0,0,False
native,0,all,deepseek-v4-pro,resample,1,5.0,HumanEval/31,2,1,1,0,0,0,1,0,0,0.5,1,0,0,0,1,0,0,0.5,2,0.0,True,True,0,0,0,0,False
native,0,all,deepseek-v4-pro,resample,1,5.0,HumanEval/32,2,1,0,0,0,0,2,0,0,0.0,0,0,0,0,2,0,0,0.0,2,0.0,True,True,0,0,0,0,False
native,0,all,deepseek-v4-pro,resample,1,5.0,HumanEval/55,2,1,2,0,0,0,0,0,0,1.0,2,0,0,0,0,0,0,1.0,2,0.0,True,True,0,0,0,0,False
native,0,all,deepseek-v4-pro,resample,1,5.0,HumanEval/56,2,1,2,0,0,0,0,0,0,1.0,2,0,0,0,0,0,0,1.0,2,0.0,True,True,0,0,0,0,False
native,0,all,deepseek-v4-pro,resample,1,5.0,HumanEval/7,2,1,2,0,0,0,0,0,0,1.0,2,0,0,0,0,0,0,1.0,2,0.0,True,True,0,0,0,0,False
native,0,all,deepseek-v4-pro,resample,1,5.0,HumanEval/99,2,1,0,0,0,0,2,0,0,0.0,0,0,0,0,2,0,0,0.0,2,0.0,True,True,0,0,0,0,False
native,0,all,deepseek-v4-pro,resample,1,15.0,HumanEval/16,2,1,2,0,0,0,0,0,0,1.0,2,0,0,0,0,0,0,1.0,2,0.0,True,True,0,0,0,0,False
native,0,all,deepseek-v4-pro,resample,1,15.0,HumanEval/18,2,1,2,0,0,0,0,0,0,1.0,2,0,0,0,0,0,0,1.0,2,0.0,True,True,0,0,0,0,False
native,0,all,deepseek-v4-pro,resample,1,15.0,HumanEval/31,2,1,2,0,0,0,0,0,0,1.0,1,0,0,0,1,0,0,0.5,2,0.5,True,True,0,0,0,0,False
native,0,all,deepseek-v4-pro,resample,1,15.0,HumanEval/32,2,1,0,2,0,0,0,0,0,0.0,0,2,0,0,0,0,0,0.0,2,0.0,True,True,0,0,0,0,False
native,0,all,deepseek-v4-pro,resample,1,15.0,HumanEval/55,2,1,2,0,0,0,0,0,0,1.0,2,0,0,0,0,0,0,1.0,2,0.0,True,True,0,0,0,0,False
native,0,all,deepseek-v4-pro,resample,1,15.0,HumanEval/56,2,1,2,0,0,0,0,0,0,1.0,2,0,0,0,0,0,0,1.0,2,0.0,True,True,0,0,0,0,False
native,0,all,deepseek-v4-pro,resample,1,15.0,HumanEval/7,2,1,2,0,0,0,0,0,0,1.0,2,0,0,0,0,0,0,1.0,2,0.0,True,True,0,0,0,0,False
native,0,all,deepseek-v4-pro,resample,1,15.0,HumanEval/99,2,1,2,0,0,0,0,0,0,1.0,0,0,0,0,2,0,0,0.0,2,1.0,True,True,0,0,0,0,False
native,0,first_attempt_public_or_format_failure,deepseek-v4-pro,repair,0,5.0,HumanEval/18,1,1,0,0,0,0,1,0,0,0.0,0,0,0,0,1,0,0,0.0,1,0.0,True,True,0,0,0,0,False
native,0,first_attempt_public_or_format_failure,deepseek-v4-pro,repair,0,5.0,HumanEval/32,1,1,0,0,0,0,1,0,0,0.0,0,0,0,0,1,0,0,0.0,1,0.0,True,True,0,0,0,0,False
native,0,first_attempt_public_or_format_failure,deepseek-v4-pro,repair,0,5.0,HumanEval/99,1,1,0,0,0,0,1,0,0,0.0,0,0,0,0,1,0,0,0.0,1,0.0,True,True,0,0,0,0,False
native,0,first_attempt_public_or_format_failure,deepseek-v4-pro,repair,0,15.0,HumanEval/18,1,1,1,0,0,0,0,0,0,1.0,0,0,0,0,1,0,0,0.0,1,1.0,True,True,0,0,0,0,False
native,0,first_attempt_public_or_format_failure,deepseek-v4-pro,repair,0,15.0,HumanEval/32,1,1,0,1,0,0,0,0,0,0.0,0,0,0,0,1,0,0,0.0,1,0.0,True,True,0,0,0,0,False
native,0,first_attempt_public_or_format_failure,deepseek-v4-pro,repair,0,15.0,HumanEval/99,1,1,1,0,0,0,0,0,0,1.0,0,0,0,0,1,0,0,0.0,1,1.0,True,True,0,0,0,0,False
native,0,first_attempt_public_or_format_failure,deepseek-v4-pro,repair,1,5.0,HumanEval/32,2,1,0,0,0,0,2,0,0,0.0,0,0,0,0,2,0,0,0.0,2,0.0,True,True,0,0,0,0,False
native,0,first_attempt_public_or_format_failure,deepseek-v4-pro,repair,1,5.0,HumanEval/99,1,1,0,0,0,0,1,0,0,0.0,0,0,0,0,1,0,0,0.0,1,0.0,True,True,0,0,0,0,False
native,0,first_attempt_public_or_format_failure,deepseek-v4-pro,repair,1,15.0,HumanEval/32,2,1,0,1,0,0,1,0,0,0.0,0,0,0,0,2,0,0,0.0,2,0.0,True,True,0,0,0,0,False
native,0,first_attempt_public_or_format_failure,deepseek-v4-pro,repair,1,15.0,HumanEval/99,1,1,1,0,0,0,0,0,0,1.0,0,0,0,0,1,0,0,0.0,1,1.0,True,True,0,0,0,0,False
native,0,first_attempt_public_or_format_failure,deepseek-v4-pro,resample,0,5.0,HumanEval/16,1,1,1,0,0,0,0,0,0,1.0,0,0,0,0,1,0,0,0.0,1,1.0,True,True,0,0,0,0,False
native,0,first_attempt_public_or_format_failure,deepseek-v4-pro,resample,0,5.0,HumanEval/31,1,1,0,0,0,0,1,0,0,0.0,0,0,0,0,1,0,0,0.0,1,0.0,True,True,0,0,0,0,False
native,0,first_attempt_public_or_format_failure,deepseek-v4-pro,resample,0,5.0,HumanEval/99,2,1,0,0,0,0,2,0,0,0.0,0,0,0,0,2,0,0,0.0,2,0.0,True,True,0,0,0,0,False
native,0,first_attempt_public_or_format_failure,deepseek-v4-pro,resample,0,15.0,HumanEval/16,1,1,1,0,0,0,0,0,0,1.0,0,0,0,0,1,0,0,0.0,1,1.0,True,True,0,0,0,0,False
native,0,first_attempt_public_or_format_failure,deepseek-v4-pro,resample,0,15.0,HumanEval/31,1,1,0,0,0,0,1,0,0,0.0,0,0,0,0,1,0,0,0.0,1,0.0,True,True,0,0,0,0,False
native,0,first_attempt_public_or_format_failure,deepseek-v4-pro,resample,0,15.0,HumanEval/99,2,1,2,0,0,0,0,0,0,1.0,0,0,0,0,2,0,0,0.0,2,1.0,True,True,0,0,0,0,False
native,0,first_attempt_public_or_format_failure,deepseek-v4-pro,resample,1,5.0,HumanEval/31,1,1,0,0,0,0,1,0,0,0.0,0,0,0,0,1,0,0,0.0,1,0.0,True,True,0,0,0,0,False
native,0,first_attempt_public_or_format_failure,deepseek-v4-pro,resample,1,5.0,HumanEval/99,2,1,0,0,0,0,2,0,0,0.0,0,0,0,0,2,0,0,0.0,2,0.0,True,True,0,0,0,0,False
native,0,first_attempt_public_or_format_failure,deepseek-v4-pro,resample,1,15.0,HumanEval/31,1,1,1,0,0,0,0,0,0,1.0,0,0,0,0,1,0,0,0.0,1,1.0,True,True,0,0,0,0,False
native,0,first_attempt_public_or_format_failure,deepseek-v4-pro,resample,1,15.0,HumanEval/99,2,1,2,0,0,0,0,0,0,1.0,0,0,0,0,2,0,0,0.0,2,1.0,True,True,0,0,0,0,False
native,1,all,deepseek-flash,repair,0,5.0,HumanEval/16,2,1,2,0,0,0,0,0,0,1.0,2,0,0,0,0,0,0,1.0,2,0.0,True,True,0,0,0,0,False
native,1,all,deepseek-flash,repair,0,5.0,HumanEval/18,2,1,2,0,0,0,0,0,0,1.0,2,0,0,0,0,0,0,1.0,2,0.0,True,True,0,0,0,0,False
native,1,all,deepseek-flash,repair,0,5.0,HumanEval/31,2,1,2,0,0,0,0,0,0,1.0,2,0,0,0,0,0,0,1.0,2,0.0,True,True,0,0,0,0,False
native,1,all,deepseek-flash,repair,0,5.0,HumanEval/55,2,1,2,0,0,0,0,0,0,1.0,2,0,0,0,0,0,0,1.0,2,0.0,True,True,0,0,0,0,False
native,1,all,deepseek-flash,repair,0,5.0,HumanEval/56,2,1,2,0,0,0,0,0,0,1.0,2,0,0,0,0,0,0,1.0,2,0.0,True,True,0,0,0,0,False
native,1,all,deepseek-flash,repair,0,5.0,HumanEval/7,2,1,2,0,0,0,0,0,0,1.0,2,0,0,0,0,0,0,1.0,2,0.0,True,True,0,0,0,0,False
native,1,all,deepseek-flash,repair,0,5.0,HumanEval/99,2,1,1,1,0,0,0,0,0,0.5,1,1,0,0,0,0,0,0.5,2,0.0,True,True,0,0,0,0,False
native,1,all,deepseek-flash,repair,0,15.0,HumanEval/16,2,1,2,0,0,0,0,0,0,1.0,2,0,0,0,0,0,0,1.0,2,0.0,True,True,0,0,0,0,False
native,1,all,deepseek-flash,repair,0,15.0,HumanEval/18,2,1,2,0,0,0,0,0,0,1.0,2,0,0,0,0,0,0,1.0,2,0.0,True,True,0,0,0,0,False
native,1,all,deepseek-flash,repair,0,15.0,HumanEval/31,2,1,2,0,0,0,0,0,0,1.0,2,0,0,0,0,0,0,1.0,2,0.0,True,True,0,0,0,0,False
native,1,all,deepseek-flash,repair,0,15.0,HumanEval/55,2,1,2,0,0,0,0,0,0,1.0,2,0,0,0,0,0,0,1.0,2,0.0,True,True,0,0,0,0,False
native,1,all,deepseek-flash,repair,0,15.0,HumanEval/56,2,1,2,0,0,0,0,0,0,1.0,2,0,0,0,0,0,0,1.0,2,0.0,True,True,0,0,0,0,False
native,1,all,deepseek-flash,repair,0,15.0,HumanEval/7,2,1,2,0,0,0,0,0,0,1.0,2,0,0,0,0,0,0,1.0,2,0.0,True,True,0,0,0,0,False
native,1,all,deepseek-flash,repair,0,15.0,HumanEval/99,2,1,1,1,0,0,0,0,0,0.5,1,1,0,0,0,0,0,0.5,2,0.0,True,True,0,0,0,0,False
native,1,all,deepseek-flash,repair,1,5.0,HumanEval/16,2,1,2,0,0,0,0,0,0,1.0,2,0,0,0,0,0,0,1.0,2,0.0,True,True,0,0,0,0,False
native,1,all,deepseek-flash,repair,1,5.0,HumanEval/18,2,1,2,0,0,0,0,0,0,1.0,2,0,0,0,0,0,0,1.0,2,0.0,True,True,0,0,0,0,False
native,1,all,deepseek-flash,repair,1,5.0,HumanEval/31,2,1,2,0,0,0,0,0,0,1.0,2,0,0,0,0,0,0,1.0,2,0.0,True,True,0,0,0,0,False
native,1,all,deepseek-flash,repair,1,5.0,HumanEval/55,2,1,2,0,0,0,0,0,0,1.0,2,0,0,0,0,0,0,1.0,2,0.0,True,True,0,0,0,0,False
native,1,all,deepseek-flash,repair,1,5.0,HumanEval/56,2,1,2,0,0,0,0,0,0,1.0,2,0,0,0,0,0,0,1.0,2,0.0,True,True,0,0,0,0,False
native,1,all,deepseek-flash,repair,1,5.0,HumanEval/7,2,1,2,0,0,0,0,0,0,1.0,2,0,0,0,0,0,0,1.0,2,0.0,True,True,0,0,0,0,False
native,1,all,deepseek-flash,repair,1,5.0,HumanEval/99,2,1,0,2,0,0,0,0,0,0.0,0,2,0,0,0,0,0,0.0,2,0.0,True,True,0,0,0,0,False
native,1,all,deepseek-flash,repair,1,15.0,HumanEval/16,2,1,2,0,0,0,0,0,0,1.0,2,0,0,0,0,0,0,1.0,2,0.0,True,True,0,0,0,0,False
native,1,all,deepseek-flash,repair,1,15.0,HumanEval/18,2,1,2,0,0,0,0,0,0,1.0,2,0,0,0,0,0,0,1.0,2,0.0,True,True,0,0,0,0,False
native,1,all,deepseek-flash,repair,1,15.0,HumanEval/31,2,1,2,0,0,0,0,0,0,1.0,2,0,0,0,0,0,0,1.0,2,0.0,True,True,0,0,0,0,False
native,1,all,deepseek-flash,repair,1,15.0,HumanEval/55,2,1,2,0,0,0,0,0,0,1.0,2,0,0,0,0,0,0,1.0,2,0.0,True,True,0,0,0,0,False
native,1,all,deepseek-flash,repair,1,15.0,HumanEval/56,2,1,2,0,0,0,0,0,0,1.0,2,0,0,0,0,0,0,1.0,2,0.0,True,True,0,0,0,0,False
native,1,all,deepseek-flash,repair,1,15.0,HumanEval/7,2,1,2,0,0,0,0,0,0,1.0,2,0,0,0,0,0,0,1.0,2,0.0,True,True,0,0,0,0,False
native,1,all,deepseek-flash,repair,1,15.0,HumanEval/99,2,1,0,2,0,0,0,0,0,0.0,0,2,0,0,0,0,0,0.0,2,0.0,True,True,0,0,0,0,False
native,1,all,deepseek-flash,resample,0,5.0,HumanEval/16,2,1,2,0,0,0,0,0,0,1.0,2,0,0,0,0,0,0,1.0,2,0.0,True,True,0,0,0,0,False
native,1,all,deepseek-flash,resample,0,5.0,HumanEval/18,2,1,2,0,0,0,0,0,0,1.0,2,0,0,0,0,0,0,1.0,2,0.0,True,True,0,0,0,0,False
native,1,all,deepseek-flash,resample,0,5.0,HumanEval/31,2,1,2,0,0,0,0,0,0,1.0,2,0,0,0,0,0,0,1.0,2,0.0,True,True,0,0,0,0,False
native,1,all,deepseek-flash,resample,0,5.0,HumanEval/55,2,1,2,0,0,0,0,0,0,1.0,2,0,0,0,0,0,0,1.0,2,0.0,True,True,0,0,0,0,False
native,1,all,deepseek-flash,resample,0,5.0,HumanEval/56,2,1,2,0,0,0,0,0,0,1.0,2,0,0,0,0,0,0,1.0,2,0.0,True,True,0,0,0,0,False
native,1,all,deepseek-flash,resample,0,5.0,HumanEval/7,2,1,2,0,0,0,0,0,0,1.0,2,0,0,0,0,0,0,1.0,2,0.0,True,True,0,0,0,0,False
native,1,all,deepseek-flash,resample,0,5.0,HumanEval/99,2,1,1,1,0,0,0,0,0,0.5,1,1,0,0,0,0,0,0.5,2,0.0,True,True,0,0,0,0,False
native,1,all,deepseek-flash,resample,0,15.0,HumanEval/16,2,1,2,0,0,0,0,0,0,1.0,2,0,0,0,0,0,0,1.0,2,0.0,True,True,0,0,0,0,False
native,1,all,deepseek-flash,resample,0,15.0,HumanEval/18,2,1,2,0,0,0,0,0,0,1.0,2,0,0,0,0,0,0,1.0,2,0.0,True,True,0,0,0,0,False
native,1,all,deepseek-flash,resample,0,15.0,HumanEval/31,2,1,2,0,0,0,0,0,0,1.0,2,0,0,0,0,0,0,1.0,2,0.0,True,True,0,0,0,0,False
native,1,all,deepseek-flash,resample,0,15.0,HumanEval/55,2,1,2,0,0,0,0,0,0,1.0,2,0,0,0,0,0,0,1.0,2,0.0,True,True,0,0,0,0,False
native,1,all,deepseek-flash,resample,0,15.0,HumanEval/56,2,1,2,0,0,0,0,0,0,1.0,2,0,0,0,0,0,0,1.0,2,0.0,True,True,0,0,0,0,False
native,1,all,deepseek-flash,resample,0,15.0,HumanEval/7,2,1,2,0,0,0,0,0,0,1.0,2,0,0,0,0,0,0,1.0,2,0.0,True,True,0,0,0,0,False
native,1,all,deepseek-flash,resample,0,15.0,HumanEval/99,2,1,1,1,0,0,0,0,0,0.5,1,1,0,0,0,0,0,0.5,2,0.0,True,True,0,0,0,0,False
native,1,all,deepseek-flash,resample,1,5.0,HumanEval/16,2,1,2,0,0,0,0,0,0,1.0,2,0,0,0,0,0,0,1.0,2,0.0,True,True,0,0,0,0,False
native,1,all,deepseek-flash,resample,1,5.0,HumanEval/18,2,1,2,0,0,0,0,0,0,1.0,2,0,0,0,0,0,0,1.0,2,0.0,True,True,0,0,0,0,False
native,1,all,deepseek-flash,resample,1,5.0,HumanEval/31,2,1,2,0,0,0,0,0,0,1.0,2,0,0,0,0,0,0,1.0,2,0.0,True,True,0,0,0,0,False
native,1,all,deepseek-flash,resample,1,5.0,HumanEval/55,2,1,2,0,0,0,0,0,0,1.0,2,0,0,0,0,0,0,1.0,2,0.0,True,True,0,0,0,0,False
native,1,all,deepseek-flash,resample,1,5.0,HumanEval/56,2,1,2,0,0,0,0,0,0,1.0,2,0,0,0,0,0,0,1.0,2,0.0,True,True,0,0,0,0,False
native,1,all,deepseek-flash,resample,1,5.0,HumanEval/7,2,1,2,0,0,0,0,0,0,1.0,2,0,0,0,0,0,0,1.0,2,0.0,True,True,0,0,0,0,False
native,1,all,deepseek-flash,resample,1,5.0,HumanEval/99,2,1,1,1,0,0,0,0,0,0.5,1,1,0,0,0,0,0,0.5,2,0.0,True,True,0,0,0,0,False
native,1,all,deepseek-flash,resample,1,15.0,HumanEval/16,2,1,2,0,0,0,0,0,0,1.0,2,0,0,0,0,0,0,1.0,2,0.0,True,True,0,0,0,0,False
native,1,all,deepseek-flash,resample,1,15.0,HumanEval/18,2,1,2,0,0,0,0,0,0,1.0,2,0,0,0,0,0,0,1.0,2,0.0,True,True,0,0,0,0,False
native,1,all,deepseek-flash,resample,1,15.0,HumanEval/31,2,1,2,0,0,0,0,0,0,1.0,2,0,0,0,0,0,0,1.0,2,0.0,True,True,0,0,0,0,False
native,1,all,deepseek-flash,resample,1,15.0,HumanEval/55,2,1,2,0,0,0,0,0,0,1.0,2,0,0,0,0,0,0,1.0,2,0.0,True,True,0,0,0,0,False
native,1,all,deepseek-flash,resample,1,15.0,HumanEval/56,2,1,2,0,0,0,0,0,0,1.0,2,0,0,0,0,0,0,1.0,2,0.0,True,True,0,0,0,0,False
native,1,all,deepseek-flash,resample,1,15.0,HumanEval/7,2,1,2,0,0,0,0,0,0,1.0,2,0,0,0,0,0,0,1.0,2,0.0,True,True,0,0,0,0,False
native,1,all,deepseek-flash,resample,1,15.0,HumanEval/99,2,1,1,1,0,0,0,0,0,0.5,1,1,0,0,0,0,0,0.5,2,0.0,True,True,0,0,0,0,False
native,1,all,deepseek-v4-pro,repair,0,5.0,HumanEval/16,2,1,2,0,0,0,0,0,0,1.0,2,0,0,0,0,0,0,1.0,2,0.0,True,True,0,0,0,0,False
native,1,all,deepseek-v4-pro,repair,0,5.0,HumanEval/18,2,1,1,0,0,0,1,0,0,0.5,1,0,0,0,1,0,0,0.5,2,0.0,True,True,0,0,0,0,False
native,1,all,deepseek-v4-pro,repair,0,5.0,HumanEval/31,2,1,1,0,0,0,1,0,0,0.5,1,0,0,0,1,0,0,0.5,2,0.0,True,True,0,0,0,0,False
native,1,all,deepseek-v4-pro,repair,0,5.0,HumanEval/55,2,1,2,0,0,0,0,0,0,1.0,2,0,0,0,0,0,0,1.0,2,0.0,True,True,0,0,0,0,False
native,1,all,deepseek-v4-pro,repair,0,5.0,HumanEval/56,2,1,2,0,0,0,0,0,0,1.0,2,0,0,0,0,0,0,1.0,2,0.0,True,True,0,0,0,0,False
native,1,all,deepseek-v4-pro,repair,0,5.0,HumanEval/7,2,1,2,0,0,0,0,0,0,1.0,2,0,0,0,0,0,0,1.0,2,0.0,True,True,0,0,0,0,False
native,1,all,deepseek-v4-pro,repair,0,5.0,HumanEval/99,2,1,1,0,0,0,1,0,0,0.5,1,0,0,0,1,0,0,0.5,2,0.0,True,True,0,0,0,0,False
native,1,all,deepseek-v4-pro,repair,0,15.0,HumanEval/16,2,1,2,0,0,0,0,0,0,1.0,2,0,0,0,0,0,0,1.0,2,0.0,True,True,0,0,0,0,False
native,1,all,deepseek-v4-pro,repair,0,15.0,HumanEval/18,2,1,2,0,0,0,0,0,0,1.0,1,0,0,0,1,0,0,0.5,2,0.5,True,True,0,0,0,0,False
native,1,all,deepseek-v4-pro,repair,0,15.0,HumanEval/31,2,1,2,0,0,0,0,0,0,1.0,2,0,0,0,0,0,0,1.0,2,0.0,True,True,0,0,0,0,False
native,1,all,deepseek-v4-pro,repair,0,15.0,HumanEval/55,2,1,2,0,0,0,0,0,0,1.0,2,0,0,0,0,0,0,1.0,2,0.0,True,True,0,0,0,0,False
native,1,all,deepseek-v4-pro,repair,0,15.0,HumanEval/56,2,1,2,0,0,0,0,0,0,1.0,2,0,0,0,0,0,0,1.0,2,0.0,True,True,0,0,0,0,False
native,1,all,deepseek-v4-pro,repair,0,15.0,HumanEval/7,2,1,2,0,0,0,0,0,0,1.0,2,0,0,0,0,0,0,1.0,2,0.0,True,True,0,0,0,0,False
native,1,all,deepseek-v4-pro,repair,0,15.0,HumanEval/99,2,1,2,0,0,0,0,0,0,1.0,1,0,0,0,1,0,0,0.5,2,0.5,True,True,0,0,0,0,False
native,1,all,deepseek-v4-pro,repair,1,5.0,HumanEval/16,2,1,2,0,0,0,0,0,0,1.0,2,0,0,0,0,0,0,1.0,2,0.0,True,True,0,0,0,0,False
native,1,all,deepseek-v4-pro,repair,1,5.0,HumanEval/18,2,1,2,0,0,0,0,0,0,1.0,2,0,0,0,0,0,0,1.0,2,0.0,True,True,0,0,0,0,False
native,1,all,deepseek-v4-pro,repair,1,5.0,HumanEval/31,2,1,1,0,0,0,1,0,0,0.5,1,0,0,0,1,0,0,0.5,2,0.0,True,True,0,0,0,0,False
native,1,all,deepseek-v4-pro,repair,1,5.0,HumanEval/55,2,1,2,0,0,0,0,0,0,1.0,2,0,0,0,0,0,0,1.0,2,0.0,True,True,0,0,0,0,False
native,1,all,deepseek-v4-pro,repair,1,5.0,HumanEval/56,2,1,2,0,0,0,0,0,0,1.0,2,0,0,0,0,0,0,1.0,2,0.0,True,True,0,0,0,0,False
native,1,all,deepseek-v4-pro,repair,1,5.0,HumanEval/7,2,1,2,0,0,0,0,0,0,1.0,2,0,0,0,0,0,0,1.0,2,0.0,True,True,0,0,0,0,False
native,1,all,deepseek-v4-pro,repair,1,5.0,HumanEval/99,2,1,1,0,0,0,1,0,0,0.5,1,0,0,0,1,0,0,0.5,2,0.0,True,True,0,0,0,0,False
native,1,all,deepseek-v4-pro,repair,1,15.0,HumanEval/16,2,1,2,0,0,0,0,0,0,1.0,2,0,0,0,0,0,0,1.0,2,0.0,True,True,0,0,0,0,False
native,1,all,deepseek-v4-pro,repair,1,15.0,HumanEval/18,2,1,2,0,0,0,0,0,0,1.0,2,0,0,0,0,0,0,1.0,2,0.0,True,True,0,0,0,0,False
native,1,all,deepseek-v4-pro,repair,1,15.0,HumanEval/31,2,1,2,0,0,0,0,0,0,1.0,2,0,0,0,0,0,0,1.0,2,0.0,True,True,0,0,0,0,False
native,1,all,deepseek-v4-pro,repair,1,15.0,HumanEval/55,2,1,2,0,0,0,0,0,0,1.0,2,0,0,0,0,0,0,1.0,2,0.0,True,True,0,0,0,0,False
native,1,all,deepseek-v4-pro,repair,1,15.0,HumanEval/56,2,1,2,0,0,0,0,0,0,1.0,2,0,0,0,0,0,0,1.0,2,0.0,True,True,0,0,0,0,False
native,1,all,deepseek-v4-pro,repair,1,15.0,HumanEval/7,2,1,2,0,0,0,0,0,0,1.0,2,0,0,0,0,0,0,1.0,2,0.0,True,True,0,0,0,0,False
native,1,all,deepseek-v4-pro,repair,1,15.0,HumanEval/99,2,1,2,0,0,0,0,0,0,1.0,1,0,0,0,1,0,0,0.5,2,0.5,True,True,0,0,0,0,False
native,1,all,deepseek-v4-pro,resample,0,5.0,HumanEval/16,2,1,2,0,0,0,0,0,0,1.0,1,0,0,0,1,0,0,0.5,2,0.5,True,True,0,0,0,0,False
native,1,all,deepseek-v4-pro,resample,0,5.0,HumanEval/18,2,1,2,0,0,0,0,0,0,1.0,2,0,0,0,0,0,0,1.0,2,0.0,True,True,0,0,0,0,False
native,1,all,deepseek-v4-pro,resample,0,5.0,HumanEval/31,2,1,1,0,0,0,1,0,0,0.5,1,0,0,0,1,0,0,0.5,2,0.0,True,True,0,0,0,0,False
native,1,all,deepseek-v4-pro,resample,0,5.0,HumanEval/55,2,1,2,0,0,0,0,0,0,1.0,2,0,0,0,0,0,0,1.0,2,0.0,True,True,0,0,0,0,False
native,1,all,deepseek-v4-pro,resample,0,5.0,HumanEval/56,2,1,2,0,0,0,0,0,0,1.0,2,0,0,0,0,0,0,1.0,2,0.0,True,True,0,0,0,0,False
native,1,all,deepseek-v4-pro,resample,0,5.0,HumanEval/7,2,1,2,0,0,0,0,0,0,1.0,2,0,0,0,0,0,0,1.0,2,0.0,True,True,0,0,0,0,False
native,1,all,deepseek-v4-pro,resample,0,5.0,HumanEval/99,2,1,0,0,0,0,2,0,0,0.0,0,0,0,0,2,0,0,0.0,2,0.0,True,True,0,0,0,0,False
native,1,all,deepseek-v4-pro,resample,0,15.0,HumanEval/16,2,1,2,0,0,0,0,0,0,1.0,1,0,0,0,1,0,0,0.5,2,0.5,True,True,0,0,0,0,False
native,1,all,deepseek-v4-pro,resample,0,15.0,HumanEval/18,2,1,2,0,0,0,0,0,0,1.0,2,0,0,0,0,0,0,1.0,2,0.0,True,True,0,0,0,0,False
native,1,all,deepseek-v4-pro,resample,0,15.0,HumanEval/31,2,1,1,0,0,0,1,0,0,0.5,1,0,0,0,1,0,0,0.5,2,0.0,True,True,0,0,0,0,False
native,1,all,deepseek-v4-pro,resample,0,15.0,HumanEval/55,2,1,2,0,0,0,0,0,0,1.0,2,0,0,0,0,0,0,1.0,2,0.0,True,True,0,0,0,0,False
native,1,all,deepseek-v4-pro,resample,0,15.0,HumanEval/56,2,1,2,0,0,0,0,0,0,1.0,2,0,0,0,0,0,0,1.0,2,0.0,True,True,0,0,0,0,False
native,1,all,deepseek-v4-pro,resample,0,15.0,HumanEval/7,2,1,2,0,0,0,0,0,0,1.0,2,0,0,0,0,0,0,1.0,2,0.0,True,True,0,0,0,0,False
native,1,all,deepseek-v4-pro,resample,0,15.0,HumanEval/99,2,1,2,0,0,0,0,0,0,1.0,0,0,0,0,2,0,0,0.0,2,1.0,True,True,0,0,0,0,False
native,1,all,deepseek-v4-pro,resample,1,5.0,HumanEval/16,2,1,2,0,0,0,0,0,0,1.0,2,0,0,0,0,0,0,1.0,2,0.0,True,True,0,0,0,0,False
native,1,all,deepseek-v4-pro,resample,1,5.0,HumanEval/18,2,1,2,0,0,0,0,0,0,1.0,2,0,0,0,0,0,0,1.0,2,0.0,True,True,0,0,0,0,False
native,1,all,deepseek-v4-pro,resample,1,5.0,HumanEval/31,2,1,1,0,0,0,1,0,0,0.5,1,0,0,0,1,0,0,0.5,2,0.0,True,True,0,0,0,0,False
native,1,all,deepseek-v4-pro,resample,1,5.0,HumanEval/55,2,1,2,0,0,0,0,0,0,1.0,2,0,0,0,0,0,0,1.0,2,0.0,True,True,0,0,0,0,False
native,1,all,deepseek-v4-pro,resample,1,5.0,HumanEval/56,2,1,2,0,0,0,0,0,0,1.0,2,0,0,0,0,0,0,1.0,2,0.0,True,True,0,0,0,0,False
native,1,all,deepseek-v4-pro,resample,1,5.0,HumanEval/7,2,1,2,0,0,0,0,0,0,1.0,2,0,0,0,0,0,0,1.0,2,0.0,True,True,0,0,0,0,False
native,1,all,deepseek-v4-pro,resample,1,5.0,HumanEval/99,2,1,0,0,0,0,2,0,0,0.0,0,0,0,0,2,0,0,0.0,2,0.0,True,True,0,0,0,0,False
native,1,all,deepseek-v4-pro,resample,1,15.0,HumanEval/16,2,1,2,0,0,0,0,0,0,1.0,2,0,0,0,0,0,0,1.0,2,0.0,True,True,0,0,0,0,False
native,1,all,deepseek-v4-pro,resample,1,15.0,HumanEval/18,2,1,2,0,0,0,0,0,0,1.0,2,0,0,0,0,0,0,1.0,2,0.0,True,True,0,0,0,0,False
native,1,all,deepseek-v4-pro,resample,1,15.0,HumanEval/31,2,1,2,0,0,0,0,0,0,1.0,1,0,0,0,1,0,0,0.5,2,0.5,True,True,0,0,0,0,False
native,1,all,deepseek-v4-pro,resample,1,15.0,HumanEval/55,2,1,2,0,0,0,0,0,0,1.0,2,0,0,0,0,0,0,1.0,2,0.0,True,True,0,0,0,0,False
native,1,all,deepseek-v4-pro,resample,1,15.0,HumanEval/56,2,1,2,0,0,0,0,0,0,1.0,2,0,0,0,0,0,0,1.0,2,0.0,True,True,0,0,0,0,False
native,1,all,deepseek-v4-pro,resample,1,15.0,HumanEval/7,2,1,2,0,0,0,0,0,0,1.0,2,0,0,0,0,0,0,1.0,2,0.0,True,True,0,0,0,0,False
native,1,all,deepseek-v4-pro,resample,1,15.0,HumanEval/99,2,1,2,0,0,0,0,0,0,1.0,0,0,0,0,2,0,0,0.0,2,1.0,True,True,0,0,0,0,False
native,1,first_attempt_public_or_format_failure,deepseek-v4-pro,repair,0,5.0,HumanEval/18,1,1,0,0,0,0,1,0,0,0.0,0,0,0,0,1,0,0,0.0,1,0.0,True,True,0,0,0,0,False
native,1,first_attempt_public_or_format_failure,deepseek-v4-pro,repair,0,5.0,HumanEval/99,1,1,0,0,0,0,1,0,0,0.0,0,0,0,0,1,0,0,0.0,1,0.0,True,True,0,0,0,0,False
native,1,first_attempt_public_or_format_failure,deepseek-v4-pro,repair,0,15.0,HumanEval/18,1,1,1,0,0,0,0,0,0,1.0,0,0,0,0,1,0,0,0.0,1,1.0,True,True,0,0,0,0,False
native,1,first_attempt_public_or_format_failure,deepseek-v4-pro,repair,0,15.0,HumanEval/99,1,1,1,0,0,0,0,0,0,1.0,0,0,0,0,1,0,0,0.0,1,1.0,True,True,0,0,0,0,False
native,1,first_attempt_public_or_format_failure,deepseek-v4-pro,repair,1,5.0,HumanEval/99,1,1,0,0,0,0,1,0,0,0.0,0,0,0,0,1,0,0,0.0,1,0.0,True,True,0,0,0,0,False
native,1,first_attempt_public_or_format_failure,deepseek-v4-pro,repair,1,15.0,HumanEval/99,1,1,1,0,0,0,0,0,0,1.0,0,0,0,0,1,0,0,0.0,1,1.0,True,True,0,0,0,0,False
native,1,first_attempt_public_or_format_failure,deepseek-v4-pro,resample,0,5.0,HumanEval/16,1,1,1,0,0,0,0,0,0,1.0,0,0,0,0,1,0,0,0.0,1,1.0,True,True,0,0,0,0,False
native,1,first_attempt_public_or_format_failure,deepseek-v4-pro,resample,0,5.0,HumanEval/31,1,1,0,0,0,0,1,0,0,0.0,0,0,0,0,1,0,0,0.0,1,0.0,True,True,0,0,0,0,False
native,1,first_attempt_public_or_format_failure,deepseek-v4-pro,resample,0,5.0,HumanEval/99,2,1,0,0,0,0,2,0,0,0.0,0,0,0,0,2,0,0,0.0,2,0.0,True,True,0,0,0,0,False
native,1,first_attempt_public_or_format_failure,deepseek-v4-pro,resample,0,15.0,HumanEval/16,1,1,1,0,0,0,0,0,0,1.0,0,0,0,0,1,0,0,0.0,1,1.0,True,True,0,0,0,0,False
native,1,first_attempt_public_or_format_failure,deepseek-v4-pro,resample,0,15.0,HumanEval/31,1,1,0,0,0,0,1,0,0,0.0,0,0,0,0,1,0,0,0.0,1,0.0,True,True,0,0,0,0,False
native,1,first_attempt_public_or_format_failure,deepseek-v4-pro,resample,0,15.0,HumanEval/99,2,1,2,0,0,0,0,0,0,1.0,0,0,0,0,2,0,0,0.0,2,1.0,True,True,0,0,0,0,False
native,1,first_attempt_public_or_format_failure,deepseek-v4-pro,resample,1,5.0,HumanEval/31,1,1,0,0,0,0,1,0,0,0.0,0,0,0,0,1,0,0,0.0,1,0.0,True,True,0,0,0,0,False
native,1,first_attempt_public_or_format_failure,deepseek-v4-pro,resample,1,5.0,HumanEval/99,2,1,0,0,0,0,2,0,0,0.0,0,0,0,0,2,0,0,0.0,2,0.0,True,True,0,0,0,0,False
native,1,first_attempt_public_or_format_failure,deepseek-v4-pro,resample,1,15.0,HumanEval/31,1,1,1,0,0,0,0,0,0,1.0,0,0,0,0,1,0,0,0.0,1,1.0,True,True,0,0,0,0,False
native,1,first_attempt_public_or_format_failure,deepseek-v4-pro,resample,1,15.0,HumanEval/99,2,1,2,0,0,0,0,0,0,1.0,0,0,0,0,2,0,0,0.0,2,1.0,True,True,0,0,0,0,False
