run_id,cohort,task_id,number,model,policy,delay_s,repeat,status,stop_reason,censored,guard_reason,attempts_total,completed_rounds,eligible_rounds,parsed_rounds,tool_rounds,requests_dispatched,http_completed_requests,unknown_requests,known_cost_cny,unknown_liability_cny,first_eligible_s,online_closed_s,drain_wall_s,late_http_requests,late_http_known_cost_cny,cache_hit_tokens,cache_miss_tokens,first_attempt_failure_stratum,never_improved_common_fallback
native-001-he55-deepseek-flash-resample-delay1-rep1,native,HumanEval/55,55,deepseek-flash,resample,1,1,complete,,False,,5,4,4,5,5,5,5,0,0.0067464,0,3.579697868000011,16.016828587000006,1.0168285870000062,0,0,0,855,False,
native-002-he55-deepseek-v4-pro-repair-delay0-rep1,native,HumanEval/55,55,deepseek-v4-pro,repair,0,1,complete,,False,,6,5,5,5,5,6,6,0,0.025438336,0,2.508593234999992,16.246458086999993,1.2464580869999935,1,0.003123648,1408,721,False,
native-003-he55-deepseek-flash-repair-delay1-rep1,native,HumanEval/55,55,deepseek-flash,repair,1,1,complete,,False,,5,4,4,5,5,5,5,0,0.006549408,0,2.6654079879999983,15.069368358999995,0.06936835899999494,0,0,896,851,False,
native-004-he55-deepseek-v4-pro-resample-delay0-rep1,native,HumanEval/55,55,deepseek-v4-pro,resample,0,1,complete,,False,,6,5,5,6,6,6,6,0,0.020608896,0,2.931343541000018,15.62892413900002,0.62892413900002,0,0,768,252,False,
native-005-he55-deepseek-flash-repair-delay0-rep1,native,HumanEval/55,55,deepseek-flash,repair,0,1,complete,,False,,8,7,7,8,8,8,8,0,0.011657472,0,1.9962079189999997,15.639723307999986,0.6397233079999864,0,0,1664,1384,False,
native-006-he55-deepseek-v4-pro-resample-delay1-rep1,native,HumanEval/55,55,deepseek-v4-pro,resample,1,1,complete,,False,,5,4,4,4,4,5,5,0,0.018821440,0,2.994980053000006,16.211035689,1.2110356889999991,1,0.004068416,640,210,False,
native-007-he55-deepseek-flash-resample-delay0-rep1,native,HumanEval/55,55,deepseek-flash,resample,0,1,complete,,False,,8,7,7,8,8,8,8,0,0.0105024,0,2.0274422119999826,15.595402207999996,0.5954022079999959,0,0,0,1368,False,
native-008-he55-deepseek-v4-pro-repair-delay1-rep1,native,HumanEval/55,55,deepseek-v4-pro,repair,1,1,complete,,False,,5,4,4,4,4,5,5,0,0.022116864,0,3.228890842999988,15.196692227,0.19669222699999978,1,0.003366528,1152,616,False,
native-009-he32-deepseek-flash-resample-delay1-rep1,native,HumanEval/32,32,deepseek-flash,resample,1,1,complete,,False,,4,3,3,4,4,4,4,0,0.017366832,0,3.6810212319999778,15.361672595999977,0.3616725959999769,0,0,759,789,False,
native-010-he32-deepseek-flash-repair-delay0-rep1,native,HumanEval/32,32,deepseek-flash,repair,0,1,complete,,False,,6,5,5,5,5,6,6,0,0.026837232,0,2.8896400010000036,16.438449906000017,1.4384499060000167,1,0.004659264,3709,1548,False,
native-011-he32-deepseek-v4-pro-repair-delay1-rep1,native,HumanEval/32,32,deepseek-v4-pro,repair,1,1,complete,,False,,1,0,0,1,1,1,1,0,0.01997952,0,,37.00761876599998,22.00761876599998,0,0,0,386,True,
native-012-he32-deepseek-flash-resample-delay0-rep1,native,HumanEval/32,32,deepseek-flash,resample,0,1,complete,,False,,6,5,5,5,5,6,6,0,0.024850464,0,3.1806914279999887,17.447764688999996,2.447764688999996,1,0.004605744,1518,804,False,
native-013-he32-deepseek-v4-pro-repair-delay0-rep1,native,HumanEval/32,32,deepseek-v4-pro,repair,0,1,complete,,False,,3,2,2,2,2,3,3,0,0.060723520,0,6.076135686999976,15.224467806999996,0.22446780699999636,1,0.020660992,640,1835,False,
native-014-he32-deepseek-v4-pro-resample-delay1-rep1,native,HumanEval/32,32,deepseek-v4-pro,resample,1,1,complete,,False,,4,3,1,1,1,4,4,0,0.045864192,0,5.524443356999996,16.982127235999997,1.9821272359999966,1,0.010642368,1536,8,False,
native-015-he32-deepseek-v4-pro-resample-delay0-rep1,native,HumanEval/32,32,deepseek-v4-pro,resample,0,1,complete,,False,,3,2,1,2,2,3,3,0,0.039276864,0,5.37389435099999,15.131517350999957,0.13151735099995676,0,0,1152,6,False,
native-016-he32-deepseek-flash-repair-delay1-rep1,native,HumanEval/32,32,deepseek-flash,repair,1,1,complete,,False,,5,4,4,4,4,5,5,0,0.022020624,0,3.928639447999956,16.36355208499998,1.3635520849999807,1,0.004102464,2813,1459,False,
native-017-he7-deepseek-v4-pro-resample-delay1-rep1,native,HumanEval/7,7,deepseek-v4-pro,resample,1,1,complete,,False,,5,4,4,4,4,5,5,0,0.023127104,0,3.6847999839999943,16.252261379999993,1.252261379999993,1,0.004364096,512,583,False,
native-018-he7-deepseek-flash-resample-delay1-rep1,native,HumanEval/7,7,deepseek-flash,resample,1,1,complete,,False,,6,5,5,5,5,6,6,0,0.0090432,0,3.0231123249999996,15.71149370500001,0.7114937050000094,1,0.0015072,0,1320,False,
native-019-he7-deepseek-v4-pro-resample-delay0-rep1,native,HumanEval/7,7,deepseek-v4-pro,resample,0,1,complete,,False,,6,5,5,6,6,6,6,0,0.026184576,0,2.5748772950000216,15.711123971999996,0.7111239719999958,0,0,768,546,False,
native-020-he7-deepseek-v4-pro-repair-delay1-rep1,native,HumanEval/7,7,deepseek-v4-pro,repair,1,1,complete,,False,,5,4,4,4,4,5,5,0,0.023907136,0,3.714634602999979,16.539094395000006,1.5390943950000064,1,0.004169088,1408,651,False,
native-021-he7-deepseek-flash-repair-delay0-rep1,native,HumanEval/7,7,deepseek-flash,repair,0,1,complete,,False,,8,7,7,8,8,8,8,0,0.012231072,0,1.8482901790000028,15.605741272000046,0.6057412720000457,0,0,1664,1783,False,
native-022-he7-deepseek-v4-pro-repair-delay0-rep1,native,HumanEval/7,7,deepseek-v4-pro,repair,0,1,complete,,False,,6,5,5,6,6,6,6,0,0.025589696,0,2.1754369180000026,15.668383780999989,0.6683837809999886,0,0,2048,471,False,
native-023-he7-deepseek-flash-resample-delay0-rep1,native,HumanEval/7,7,deepseek-flash,resample,0,1,complete,,False,,8,7,7,7,7,8,8,0,0.0120960,0,1.8570142149999924,15.02546589299999,0.025465892999989137,1,0.0015072,0,1760,False,
native-024-he7-deepseek-flash-repair-delay1-rep1,native,HumanEval/7,7,deepseek-flash,repair,1,1,complete,,False,,6,5,5,5,5,6,6,0,0.008924640,0,2.9405065490000197,15.519647367000005,0.5196473670000046,1,0.001483488,1280,1245,False,
native-025-he56-deepseek-flash-repair-delay0-rep1,native,HumanEval/56,56,deepseek-flash,repair,0,1,complete,,False,,8,7,7,7,7,8,8,0,0.014370336,0,2.0332843410000123,15.536975894000022,0.5369758940000224,1,0.001700832,2432,1491,False,
native-026-he56-deepseek-v4-pro-resample-delay0-rep1,native,HumanEval/56,56,deepseek-v4-pro,resample,0,1,complete,,False,,6,5,5,5,5,6,6,0,0.034524160,0,2.677517652000006,16.69261502200004,1.6926150220000409,1,0.005536256,640,674,False,
native-027-he56-deepseek-flash-repair-delay1-rep1,native,HumanEval/56,56,deepseek-flash,repair,1,1,complete,,False,,6,5,5,5,5,6,6,0,0.010968672,0,2.7981938810000884,15.253443699000059,0.2534436990000586,1,0.001700832,1664,1201,False,
native-028-he56-deepseek-v4-pro-repair-delay0-rep1,native,HumanEval/56,56,deepseek-v4-pro,repair,0,1,complete,,False,,6,5,5,5,5,6,6,0,0.034909248,0,2.633523701999934,16.12857795499997,1.1285779549999688,1,0.005090624,2304,580,False,
native-029-he56-deepseek-v4-pro-repair-delay1-rep1,native,HumanEval/56,56,deepseek-v4-pro,repair,1,1,complete,,False,,5,4,4,4,4,4,4,0,0.024728000,0,3.339516994000064,15.043091000999993,0.04309100099999341,0,0,1280,538,False,
native-030-he56-deepseek-flash-resample-delay0-rep1,native,HumanEval/56,56,deepseek-flash,resample,0,1,complete,,False,,8,7,7,7,7,8,8,0,0.0150144,0,2.1988450059999423,15.13175266099995,0.13175266099995042,1,0.0018624,0,1760,False,
native-031-he56-deepseek-flash-resample-delay1-rep1,native,HumanEval/56,56,deepseek-flash,resample,1,1,complete,,False,,5,4,4,5,5,5,5,0,0.0093504,0,2.823053071000004,15.438014478000014,0.4380144780000137,0,0,0,1100,False,
native-032-he56-deepseek-v4-pro-resample-delay1-rep1,native,HumanEval/56,56,deepseek-v4-pro,resample,1,1,complete,,False,,4,3,3,4,4,4,4,0,0.022240064,0,3.3331795789999887,15.561414826999908,0.5614148269999077,0,0,512,364,False,
native-033-he16-deepseek-v4-pro-resample-delay1-rep1,native,HumanEval/16,16,deepseek-v4-pro,resample,1,1,complete,,False,,5,4,4,4,4,5,5,0,0.016738304,0,3.6074477419999766,15.80343256399999,0.8034325639999906,1,0.003086336,512,473,False,
native-034-he16-deepseek-flash-repair-delay0-rep1,native,HumanEval/16,16,deepseek-flash,repair,0,1,complete,,False,,9,8,8,9,9,9,9,0,0.011727552,0,1.8160424210000201,15.04265629300005,0.04265629300005003,0,0,1024,2222,False,
native-035-he16-deepseek-v4-pro-resample-delay0-rep1,native,HumanEval/16,16,deepseek-v4-pro,resample,0,1,complete,,False,,6,5,5,6,6,6,6,0,0.018771456,0,2.829649388000007,15.833322349000014,0.8333223490000137,0,0,768,414,False,
native-036-he16-deepseek-flash-resample-delay0-rep1,native,HumanEval/16,16,deepseek-flash,resample,0,1,complete,,False,,9,8,8,9,9,9,9,0,0.0095664,0,1.7482489799999712,15.363992012999915,0.36399201299991546,0,0,0,1782,False,
native-037-he16-deepseek-v4-pro-repair-delay1-rep1,native,HumanEval/16,16,deepseek-v4-pro,repair,1,1,complete,,False,,5,4,4,4,4,5,5,0,0.019748608,0,3.3599242620000496,15.553289195000048,0.5532891950000476,1,0.003838912,1024,693,False,
native-038-he16-deepseek-v4-pro-repair-delay0-rep1,native,HumanEval/16,16,deepseek-v4-pro,repair,0,1,complete,,False,,6,5,5,6,5,6,6,0,0.023608640,0,2.422431189000008,15.01403739500006,0.014037395000059405,0,0,1280,819,False,
native-039-he16-deepseek-flash-resample-delay1-rep1,native,HumanEval/16,16,deepseek-flash,resample,1,1,complete,,False,,6,5,5,6,6,6,6,0,0.007056,0,3.08153027700007,15.444543285999998,0.44454328599999826,0,0,0,1188,False,
native-040-he16-deepseek-flash-repair-delay1-rep1,native,HumanEval/16,16,deepseek-flash,repair,1,1,complete,,False,,6,5,5,6,6,6,6,0,0.007746720,0,3.0892660289999867,15.711669777999987,0.7116697779999868,0,0,640,1463,False,
native-041-he99-deepseek-flash-repair-delay1-rep1,native,HumanEval/99,99,deepseek-flash,repair,1,1,complete,,False,,6,5,5,6,6,6,6,0,0.005972640,0,2.8606676379999953,15.137138691000018,0.1371386910000183,0,0,1280,1375,False,
native-042-he99-deepseek-v4-pro-resample-delay0-rep1,native,HumanEval/99,99,deepseek-v4-pro,resample,0,1,complete,,False,,6,5,2,2,2,6,6,0,0.033249920,0,10.650881607000088,17.59152855800005,2.59152855800005,1,0.006668992,1280,394,True,
native-043-he99-deepseek-v4-pro-resample-delay1-rep1,native,HumanEval/99,99,deepseek-v4-pro,resample,1,1,complete,,False,,6,5,2,2,2,6,6,0,0.023730432,0,8.513004793999926,16.270185483999967,1.270185483999967,1,0.002867392,1536,138,True,
native-044-he99-deepseek-v4-pro-repair-delay1-rep1,native,HumanEval/99,99,deepseek-v4-pro,repair,1,1,complete,,False,,5,4,4,4,4,5,5,0,0.014715008,0,4.043666260000009,15.683300895000002,0.6833008950000021,1,0.002849088,1664,543,False,
native-045-he99-deepseek-flash-repair-delay0-rep1,native,HumanEval/99,99,deepseek-flash,repair,0,1,complete,,False,,9,8,8,8,8,9,9,0,0.009404448,0,1.810050030999946,15.564583146999894,0.5645831469998939,1,0.001082688,2176,1967,False,
native-046-he99-deepseek-flash-resample-delay1-rep1,native,HumanEval/99,99,deepseek-flash,resample,1,1,complete,,False,,6,5,5,5,5,6,6,0,0.005326464,0,2.6973922309999807,15.789848761999906,0.789848761999906,1,0.000831744,768,912,False,
native-047-he99-deepseek-flash-resample-delay0-rep1,native,HumanEval/99,99,deepseek-flash,resample,0,1,complete,,False,,9,8,8,8,8,9,9,0,0.007351296,0,1.5884353799999644,15.78481690700005,0.7848169070000495,1,0.000793344,1152,1368,False,
native-048-he99-deepseek-v4-pro-repair-delay0-rep1,native,HumanEval/99,99,deepseek-v4-pro,repair,0,1,complete,,False,,7,6,6,6,6,7,7,0,0.019106560,0,2.5994255279999834,15.696154743999955,0.6961547439999549,1,0.002849088,2560,611,False,
native-049-he18-deepseek-v4-pro-repair-delay1-rep1,native,HumanEval/18,18,deepseek-v4-pro,repair,1,1,complete,,False,,4,3,3,4,4,4,4,0,0.027428544,0,3.8081504659999155,15.56535231099997,0.5653523109999696,0,0,1152,627,False,
native-050-he18-deepseek-v4-pro-resample-delay0-rep1,native,HumanEval/18,18,deepseek-v4-pro,resample,0,1,complete,,False,,5,4,4,4,4,5,5,0,0.029328640,0,3.055919442000004,15.104356052999947,0.10435605299994677,1,0.005694656,640,455,False,
native-051-he18-deepseek-v4-pro-resample-delay1-rep1,native,HumanEval/18,18,deepseek-v4-pro,resample,1,1,complete,,False,,4,3,3,4,4,4,4,0,0.023475584,0,3.97526006399994,15.593071462000012,0.5930714620000117,0,0,512,364,False,
native-052-he18-deepseek-flash-resample-delay0-rep1,native,HumanEval/18,18,deepseek-flash,resample,0,1,complete,,False,,8,7,7,7,7,8,8,0,0.0155616,0,2.2360733000000437,16.218324018999965,1.2183240189999651,1,0.0019776,0,1760,False,
native-053-he18-deepseek-v4-pro-repair-delay0-rep1,native,HumanEval/18,18,deepseek-v4-pro,repair,0,1,complete,,False,,6,5,4,4,4,6,6,0,0.040932672,0,5.159865632999981,16.867782375000047,1.867782375000047,1,0.005175104,1536,993,True,
native-054-he18-deepseek-flash-repair-delay0-rep1,native,HumanEval/18,18,deepseek-flash,repair,0,1,complete,,False,,8,7,7,8,7,8,8,0,0.014824128,0,1.822100981999938,15.017660656999965,0.017660656999964885,0,0,1536,2086,False,
native-055-he18-deepseek-flash-resample-delay1-rep1,native,HumanEval/18,18,deepseek-flash,resample,1,1,complete,,False,,5,4,4,5,5,5,5,0,0.0097344,0,3.125288795000074,15.364234669999973,0.36423466999997345,0,0,0,1100,False,
native-056-he18-deepseek-flash-repair-delay1-rep1,native,HumanEval/18,18,deepseek-flash,repair,1,1,complete,,False,,5,4,4,5,5,5,5,0,0.010209408,0,3.3099723240000003,15.476281717000006,0.4762817170000062,0,0,896,1356,False,
native-057-he31-deepseek-flash-repair-delay1-rep1,native,HumanEval/31,31,deepseek-flash,repair,1,1,complete,,False,,5,4,4,5,5,5,5,0,0.012958272,0,3.1755030919999854,15.220882045000053,0.22088204500005304,0,0,1664,1166,False,
native-058-he31-deepseek-flash-repair-delay0-rep1,native,HumanEval/31,31,deepseek-flash,repair,0,1,complete,,False,,7,6,6,6,6,7,7,0,0.018024768,0,2.4152951190000067,16.145979390999855,1.1459793909998552,1,0.002467776,2816,1378,False,
native-059-he31-deepseek-v4-pro-repair-delay1-rep1,native,HumanEval/31,31,deepseek-v4-pro,repair,1,1,complete,,False,,4,3,3,4,4,4,4,0,0.031631424,0,4.06444344800002,15.584558166000079,0.5845581660000789,0,0,1152,893,False,
native-060-he31-deepseek-v4-pro-resample-delay0-rep1,native,HumanEval/31,31,deepseek-v4-pro,resample,0,1,complete,,False,,6,5,3,4,4,6,6,0,0.030207936,0,2.8701144430001477,15.598047166000015,0.5980471660000148,0,0,768,558,False,
native-061-he31-deepseek-flash-resample-delay1-rep1,native,HumanEval/31,31,deepseek-flash,resample,1,1,complete,,False,,5,4,4,5,5,5,5,0,0.0118224,0,3.0134785660000034,15.290349104999905,0.29034910499990474,0,0,0,1110,False,
native-062-he31-deepseek-v4-pro-repair-delay0-rep1,native,HumanEval/31,31,deepseek-v4-pro,repair,0,1,complete,,False,,5,4,4,4,4,5,5,0,0.040454656,0,3.429439923000018,15.4937732100002,0.49377321000019947,1,0.006547904,1408,1234,False,
native-063-he31-deepseek-v4-pro-resample-delay1-rep1,native,HumanEval/31,31,deepseek-v4-pro,resample,1,1,complete,,False,,5,4,3,3,3,5,5,0,0.032348800,0,3.815447395000092,16.490472546000092,1.4904725460000918,1,0.006412736,640,465,False,
native-064-he31-deepseek-flash-resample-delay0-rep1,native,HumanEval/31,31,deepseek-flash,resample,0,1,complete,,False,,7,6,6,7,7,7,7,0,0.0166032,0,1.8893493600000966,15.380281907000153,0.3802819070001533,0,0,0,1554,False,
native-065-he55-deepseek-v4-pro-repair-delay1-rep2,native,HumanEval/55,55,deepseek-v4-pro,repair,1,2,complete,,False,,5,4,4,4,4,5,5,0,0.019355776,0,3.536190063000049,15.95708275700008,0.9570827570000802,1,0.003334848,1408,346,False,
native-066-he55-deepseek-flash-resample-delay0-rep2,native,HumanEval/55,55,deepseek-flash,resample,0,2,complete,,False,,8,7,7,8,8,8,8,0,0.0104832,0,1.9697011319999547,15.621367267999858,0.6213672679998581,0,0,0,1368,False,
native-067-he55-deepseek-v4-pro-resample-delay1-rep2,native,HumanEval/55,55,deepseek-v4-pro,resample,1,2,complete,,False,,5,4,4,4,4,5,5,0,0.018187840,0,3.939302579000014,16.62341544500009,1.6234154450000915,1,0.003910016,640,210,False,
native-068-he55-deepseek-flash-repair-delay0-rep2,native,HumanEval/55,55,deepseek-flash,repair,0,2,complete,,False,,8,7,7,8,8,8,8,0,0.011500416,0,1.8345397749999393,15.705797878000112,0.7057978780001122,0,0,1792,1256,False,
native-069-he55-deepseek-v4-pro-resample-delay0-rep2,native,HumanEval/55,55,deepseek-v4-pro,resample,0,2,complete,,False,,6,5,5,6,6,6,6,0,0.021052416,0,2.4139829009998266,15.27160714799993,0.27160714799993,0,0,768,252,False,
native-070-he55-deepseek-flash-repair-delay1-rep2,native,HumanEval/55,55,deepseek-flash,repair,1,2,complete,,False,,5,4,4,5,5,5,5,0,0.007615008,0,2.918990023999868,15.185809116999962,0.1858091169999625,0,0,896,935,False,
native-071-he55-deepseek-v4-pro-repair-delay0-rep2,native,HumanEval/55,55,deepseek-v4-pro,repair,0,2,complete,,False,,6,5,5,6,6,6,6,0,0.022711744,0,2.45769052799983,15.469114845999911,0.46911484599991127,0,0,1792,360,False,
native-072-he55-deepseek-flash-resample-delay1-rep2,native,HumanEval/55,55,deepseek-flash,resample,1,2,complete,,False,,6,5,5,5,5,6,6,0,0.0081168,0,3.0322362129998055,15.990743823000003,0.9907438230000025,1,0.0014184,0,1026,False,
native-073-he32-deepseek-flash-repair-delay1-rep2,native,HumanEval/32,32,deepseek-flash,repair,1,2,complete,,False,,4,3,3,3,3,4,4,0,0.024897072,0,4.614595634000125,15.383797118000075,0.383797118000075,1,0.006230976,1789,1982,False,
native-074-he32-deepseek-v4-pro-resample-delay0-rep2,native,HumanEval/32,32,deepseek-v4-pro,resample,0,2,complete,,False,,3,2,2,2,2,3,3,0,0.047355264,0,5.100961836000124,17.288325045000192,2.2883250450001924,1,0.019417728,1152,6,False,
native-075-he32-deepseek-v4-pro-resample-delay1-rep2,native,HumanEval/32,32,deepseek-v4-pro,resample,1,2,complete,,False,,3,2,2,2,2,3,3,0,0.044123904,0,6.2605398680000235,17.516433571000107,2.516433571000107,1,0.015331008,1152,6,False,
native-076-he32-deepseek-v4-pro-repair-delay0-rep2,native,HumanEval/32,32,deepseek-v4-pro,repair,0,2,complete,,False,,3,2,1,1,1,3,3,0,0.052152320,0,10.934509832000003,15.367332942999838,0.36733294299983754,1,0.02119744,1280,618,True,
native-077-he32-deepseek-flash-resample-delay0-rep2,native,HumanEval/32,32,deepseek-flash,resample,0,2,complete,,False,,5,4,4,4,4,5,5,0,0.024036720,0,3.0773227019999467,16.18538912400004,1.1853891240000394,1,0.005306544,1265,670,False,
native-078-he32-deepseek-v4-pro-repair-delay1-rep2,native,HumanEval/32,32,deepseek-v4-pro,repair,1,2,complete,,False,,3,2,1,2,2,3,3,0,0.044837056,0,10.847047359000044,15.48198718599997,0.48198718599996937,0,0,1408,368,True,
native-079-he32-deepseek-flash-repair-delay0-rep2,native,HumanEval/32,32,deepseek-flash,repair,0,2,complete,,False,,6,5,5,5,5,6,6,0,0.026072688,0,3.0211635339999248,15.486847705999935,0.486847705999935,1,0.004049664,3581,1636,False,
native-080-he32-deepseek-flash-resample-delay1-rep2,native,HumanEval/32,32,deepseek-flash,resample,1,2,complete,,False,,4,3,3,4,4,4,4,0,0.016042176,0,3.7533853949998957,15.507622941999898,0.5076229419998981,0,0,1012,536,False,
native-081-he7-deepseek-flash-repair-delay1-rep2,native,HumanEval/7,7,deepseek-flash,repair,1,2,complete,,False,,6,5,5,5,5,6,6,0,0.008963040,0,2.7852187070000127,15.816965492999998,0.8169654929999979,1,0.001483488,1280,1245,False,
native-082-he7-deepseek-flash-resample-delay0-rep2,native,HumanEval/7,7,deepseek-flash,resample,0,2,complete,,False,,9,8,8,8,8,9,9,0,0.0135648,0,2.154532804999917,15.968536193999853,0.9685361939998529,1,0.0015072,0,1980,False,
native-083-he7-deepseek-v4-pro-repair-delay0-rep2,native,HumanEval/7,7,deepseek-v4-pro,repair,0,2,complete,,False,,6,5,5,6,6,6,6,0,0.025462976,0,2.547702963999882,15.490567198000008,0.4905671980000079,0,0,2048,471,False,
native-084-he7-deepseek-flash-repair-delay0-rep2,native,HumanEval/7,7,deepseek-flash,repair,0,2,complete,,False,,8,7,7,7,7,8,8,0,0.011930016,0,1.7484367090000887,15.62409672800004,0.6240967280000405,1,0.001483488,1792,1655,False,
native-085-he7-deepseek-v4-pro-repair-delay1-rep2,native,HumanEval/7,7,deepseek-v4-pro,repair,1,2,complete,,False,,5,4,4,4,4,5,5,0,0.021420608,0,3.5418363909998334,16.386141098999815,1.3861410989998149,1,0.004295808,1664,395,False,
native-086-he7-deepseek-v4-pro-resample-delay0-rep2,native,HumanEval/7,7,deepseek-v4-pro,resample,0,2,complete,,False,,6,5,5,5,5,6,6,0,0.026184576,0,2.5891182620000563,15.117146612999932,0.11714661299993168,1,0.004364096,768,546,False,
native-087-he7-deepseek-flash-resample-delay1-rep2,native,HumanEval/7,7,deepseek-flash,resample,1,2,complete,,False,,6,5,5,5,5,6,6,0,0.0090432,0,2.9760084299998653,15.169148148999966,0.169148148999966,1,0.0015072,0,1320,False,
native-088-he7-deepseek-v4-pro-resample-delay1-rep2,native,HumanEval/7,7,deepseek-v4-pro,resample,1,2,complete,,False,,4,3,3,4,4,4,4,0,0.017456384,0,4.053739125999982,15.4977804749999,0.4977804749998995,0,0,512,364,False,
native-089-he56-deepseek-v4-pro-resample-delay1-rep2,native,HumanEval/56,56,deepseek-v4-pro,resample,1,2,complete,,False,,4,3,3,4,4,4,4,0,0.022145024,0,4.1557627049999155,15.252576727999895,0.2525767279998945,0,0,512,364,False,
native-090-he56-deepseek-flash-resample-delay1-rep2,native,HumanEval/56,56,deepseek-flash,resample,1,2,complete,,False,,6,5,5,5,5,6,6,0,0.0112128,0,2.945496895000133,16.112455660000023,1.1124556600000233,1,0.0018624,0,1320,False,
native-091-he56-deepseek-flash-resample-delay0-rep2,native,HumanEval/56,56,deepseek-flash,resample,0,2,complete,,False,,8,7,7,7,7,8,8,0,0.0150528,0,1.933420821000027,16.063980908000076,1.063980908000076,1,0.0019008,0,1760,False,
native-092-he56-deepseek-v4-pro-repair-delay1-rep2,native,HumanEval/56,56,deepseek-v4-pro,repair,1,2,complete,,False,,4,3,3,3,3,4,4,0,0.027351808,0,3.7822895620001873,15.176718334000043,0.1767183340000429,1,0.009021056,1024,795,False,
native-093-he56-deepseek-v4-pro-repair-delay0-rep2,native,HumanEval/56,56,deepseek-v4-pro,repair,0,2,complete,,False,,5,4,4,5,5,5,5,0,0.032442432,0,2.994612373000109,15.327728977000106,0.32772897700010617,0,0,1536,816,False,
native-094-he56-deepseek-flash-repair-delay1-rep2,native,HumanEval/56,56,deepseek-flash,repair,1,2,complete,,False,,5,4,4,5,5,5,5,0,0.009267840,0,3.466818159000013,15.78475041899992,0.7847504189999199,0,0,1280,1056,False,
native-095-he56-deepseek-v4-pro-resample-delay0-rep2,native,HumanEval/56,56,deepseek-v4-pro,resample,0,2,complete,,False,,6,5,5,5,5,6,6,0,0.033217536,0,2.8451988609999717,16.638711865999994,1.6387118659999942,1,0.005536256,768,546,False,
native-096-he56-deepseek-flash-repair-delay0-rep2,native,HumanEval/56,56,deepseek-flash,repair,0,2,complete,,False,,8,7,7,7,7,8,8,0,0.013806624,0,2.1887638499999866,15.963524741000128,0.9635247410001284,1,0.001739232,2688,1235,False,
native-097-he16-deepseek-flash-repair-delay1-rep2,native,HumanEval/16,16,deepseek-flash,repair,1,2,complete,,False,,6,5,5,6,6,6,6,0,0.005106720,0,2.6381953330001124,15.292017018000024,0.2920170180000241,0,0,640,1211,False,
native-098-he16-deepseek-flash-resample-delay1-rep2,native,HumanEval/16,16,deepseek-flash,resample,1,2,complete,,False,,6,5,5,5,5,6,6,0,0.007056,0,2.6497176949999357,15.306317134999972,0.30631713499997204,1,0.001176,0,1188,False,
native-099-he16-deepseek-v4-pro-repair-delay0-rep2,native,HumanEval/16,16,deepseek-v4-pro,repair,0,2,complete,,False,,7,6,6,6,6,7,7,0,0.026183168,0,2.530461757000012,16.150473788,1.1504737879999993,1,0.003860032,1664,819,False,
native-100-he16-deepseek-v4-pro-repair-delay1-rep2,native,HumanEval/16,16,deepseek-v4-pro,repair,1,2,complete,,False,,5,4,4,4,4,5,5,0,0.018568704,0,3.5259840930000337,15.75078902700011,0.7507890270001099,1,0.003838912,1152,565,False,
native-101-he16-deepseek-flash-resample-delay0-rep2,native,HumanEval/16,16,deepseek-flash,resample,0,2,complete,,False,,9,8,8,8,8,9,9,0,0.0100752,0,2.0411989760000324,15.597202280000147,0.5972022800001469,1,0.001176,0,1782,False,
native-102-he16-deepseek-v4-pro-resample-delay0-rep2,native,HumanEval/16,16,deepseek-v4-pro,resample,0,2,complete,,False,,7,6,5,5,5,7,7,0,0.022301312,0,4.155855142000064,15.116455561000066,0.11645556100006615,1,0.003086336,896,483,True,
native-103-he16-deepseek-flash-repair-delay0-rep2,native,HumanEval/16,16,deepseek-flash,repair,0,2,complete,,False,,8,7,7,8,8,8,8,0,0.010451808,0,1.9885493090000637,15.053700118000052,0.05370011800005159,0,0,896,1969,False,
native-104-he16-deepseek-v4-pro-resample-delay1-rep2,native,HumanEval/16,16,deepseek-v4-pro,resample,1,2,complete,,False,,5,4,4,4,4,5,5,0,0.015938560,0,3.921465012999988,15.609900456999867,0.609900456999867,1,0.003466496,640,345,False,
native-105-he99-deepseek-v4-pro-repair-delay0-rep2,native,HumanEval/99,99,deepseek-v4-pro,repair,0,2,complete,,False,,6,5,4,4,4,6,6,0,0.045923328,0,5.460125756000025,17.314754128999994,2.3147541289999936,1,0.007403264,2304,834,True,
native-106-he99-deepseek-flash-resample-delay0-rep2,native,HumanEval/99,99,deepseek-flash,resample,0,2,complete,,False,,9,8,8,8,8,9,9,0,0.008023296,0,1.8142084389999127,15.727379922999944,0.727379922999944,1,0.001138944,1152,1368,False,
native-107-he99-deepseek-flash-resample-delay1-rep2,native,HumanEval/99,99,deepseek-flash,resample,1,2,complete,,False,,6,5,5,6,6,6,6,0,0.004846464,0,2.956423807000192,15.454192080000212,0.4541920800002117,0,0,768,912,False,
native-108-he99-deepseek-flash-repair-delay0-rep2,native,HumanEval/99,99,deepseek-flash,repair,0,2,complete,,False,,8,7,7,7,7,8,8,0,0.016431648,0,1.4452552029999879,16.101944236999998,1.1019442369999979,1,0.002227584,2676,1777,False,
native-109-he99-deepseek-v4-pro-repair-delay1-rep2,native,HumanEval/99,99,deepseek-v4-pro,repair,1,2,complete,,False,,5,4,3,4,4,5,5,0,0.012962048,0,5.6070078230000036,15.984166840999933,0.9841668409999329,0,0,1664,368,True,
native-110-he99-deepseek-v4-pro-resample-delay1-rep2,native,HumanEval/99,99,deepseek-v4-pro,resample,1,2,complete,,False,,7,6,1,1,1,7,7,0,0.022416064,0,6.902685075000136,15.379342032000068,0.3793420320000678,1,0.002012032,1792,161,True,
native-111-he99-deepseek-v4-pro-resample-delay0-rep2,native,HumanEval/99,99,deepseek-v4-pro,resample,0,2,complete,,False,,7,6,1,1,1,7,7,0,0.031191424,0,8.187433429999828,15.303816100999938,0.3038161009999385,1,0.003025792,1792,161,True,
native-112-he99-deepseek-flash-repair-delay1-rep2,native,HumanEval/99,99,deepseek-flash,repair,1,2,complete,,False,,6,5,5,5,5,6,6,0,0.006341184,0,2.771014187999981,15.170874381999965,0.1708743819999654,1,0.001008288,1408,1302,False,
native-113-he18-deepseek-flash-repair-delay1-rep2,native,HumanEval/18,18,deepseek-flash,repair,1,2,complete,,False,,6,5,5,5,5,6,6,0,0.011898240,0,2.7501215429999775,16.148176511999964,1.1481765119999636,1,0.001989888,1280,1480,False,
native-114-he18-deepseek-flash-resample-delay1-rep2,native,HumanEval/18,18,deepseek-flash,resample,1,2,complete,,False,,6,5,5,5,5,6,6,0,0.0110400,0,2.8545711000001575,16.042800812999985,1.0428008129999853,1,0.0019104,0,1320,False,
native-115-he18-deepseek-flash-repair-delay0-rep2,native,HumanEval/18,18,deepseek-flash,repair,0,2,complete,,False,,8,7,7,8,8,8,8,0,0.015805248,0,1.6661067499999263,15.710385712999823,0.7103857129998232,0,0,2176,1662,False,
native-116-he18-deepseek-v4-pro-repair-delay0-rep2,native,HumanEval/18,18,deepseek-v4-pro,repair,0,2,complete,,False,,5,4,4,5,5,5,5,0,0.028976640,0,3.146675554000012,15.706391606000125,0.7063916060001247,0,0,1920,355,False,
native-117-he18-deepseek-flash-resample-delay0-rep2,native,HumanEval/18,18,deepseek-flash,resample,0,2,complete,,False,,8,7,7,7,7,8,8,0,0.0149568,0,2.118448846000092,15.866636492999987,0.8666364929999872,1,0.001968,0,1760,False,
native-118-he18-deepseek-v4-pro-resample-delay1-rep2,native,HumanEval/18,18,deepseek-v4-pro,resample,1,2,complete,,False,,4,3,3,4,4,4,4,0,0.023729024,0,3.946113963000016,15.215975726999886,0.21597572699988632,0,0,512,364,False,
native-119-he18-deepseek-v4-pro-resample-delay0-rep2,native,HumanEval/18,18,deepseek-v4-pro,resample,0,2,complete,,False,,5,4,4,5,5,5,5,0,0.029740480,0,2.96537625499991,15.268483511999875,0.2684835119998752,0,0,640,455,False,
native-120-he18-deepseek-v4-pro-repair-delay1-rep2,native,HumanEval/18,18,deepseek-v4-pro,repair,1,2,complete,,False,,4,3,3,3,3,4,4,0,0.027647488,0,4.122870751999926,16.729611160999866,1.7296111609998661,1,0.009010496,1024,736,False,
native-121-he31-deepseek-flash-resample-delay0-rep2,native,HumanEval/31,31,deepseek-flash,resample,0,2,complete,,False,,7,6,6,6,6,7,7,0,0.0173232,0,2.3031097709999813,15.461447990000124,0.46144799000012426,1,0.0025296,0,1554,False,
native-122-he31-deepseek-v4-pro-resample-delay1-rep2,native,HumanEval/31,31,deepseek-v4-pro,resample,1,2,complete,,False,,3,2,1,1,1,3,3,0,0.012015168,0,11.627345182999989,16.9039604269999,1.9039604269999018,1,0.003118016,384,279,True,
native-123-he31-deepseek-v4-pro-repair-delay0-rep2,native,HumanEval/31,31,deepseek-v4-pro,repair,0,2,complete,,False,,3,2,2,2,2,3,3,0,0.019080512,0,5.50893000300016,17.85083514400003,2.8508351440000297,1,0.005439104,896,481,False,
native-124-he31-deepseek-flash-resample-delay1-rep2,native,HumanEval/31,31,deepseek-flash,resample,1,2,complete,,False,,5,4,4,5,5,5,5,0,0.0114288,0,3.1789255529997718,15.091393652000079,0.09139365200007887,0,0,0,1110,False,
native-125-he31-deepseek-v4-pro-resample-delay0-rep2,native,HumanEval/31,31,deepseek-v4-pro,resample,0,2,complete,,False,,3,2,0,0,0,3,3,0,0.018002688,0,,16.716499575999933,1.7164995759999329,1,0.006412736,384,279,True,
native-126-he31-deepseek-v4-pro-repair-delay1-rep2,native,HumanEval/31,31,deepseek-v4-pro,repair,1,2,complete,,False,,3,2,2,2,2,3,3,0,0.017229696,0,7.0338237070000105,18.53491950500029,3.534919505000289,1,0.005439104,768,529,False,
native-127-he31-deepseek-flash-repair-delay0-rep2,native,HumanEval/31,31,deepseek-flash,repair,0,2,complete,,False,,7,6,6,6,6,7,7,0,0.017323968,0,2.40345263800009,15.343204783000147,0.34320478300014656,1,0.002357376,2816,1318,False,
native-128-he31-deepseek-flash-repair-delay1-rep2,native,HumanEval/31,31,deepseek-flash,repair,1,2,complete,,False,,5,4,4,5,5,5,5,0,0.011959104,0,3.1989459989999887,16.008037999999942,1.0080379999999423,0,0,2048,782,False,
common-129-he99-deepseek-v4-pro-resample-delay1-rep1,common,HumanEval/99,99,deepseek-v4-pro,resample,1,1,complete,,False,,6,5,1,1,1,6,6,0,0.023730432,0,3.9656232739998813,15.974786652999683,0.9747866529996827,1,0.002012032,1536,138,,False
common-130-he99-deepseek-flash-repair-delay0-rep1,common,HumanEval/99,99,deepseek-flash,repair,0,1,complete,,False,,8,7,7,7,7,8,8,0,0.009816192,0,2.0013934399999016,15.461273977000019,0.46127397700001893,1,0.001165536,2804,1330,,False
common-131-he99-deepseek-v4-pro-resample-delay0-rep1,common,HumanEval/99,99,deepseek-v4-pro,resample,0,1,complete,,False,,6,5,3,3,3,6,6,0,0.024965952,0,6.1857640359999095,15.925562599999921,0.9255625999999211,1,0.004071232,1536,138,,False
common-132-he99-deepseek-v4-pro-repair-delay1-rep1,common,HumanEval/99,99,deepseek-v4-pro,repair,1,1,complete,,False,,5,4,4,4,4,5,5,0,0.015963904,0,3.3635555109999586,15.566634492999583,0.566634492999583,1,0.002849088,1792,657,,False
common-133-he99-deepseek-flash-resample-delay1-rep1,common,HumanEval/99,99,deepseek-flash,resample,1,1,complete,,False,,6,5,5,5,5,6,6,0,0.006526464,0,2.9562776380003015,15.595659692000027,0.5956596920000266,1,0.000783744,768,912,,False
common-134-he99-deepseek-v4-pro-repair-delay0-rep1,common,HumanEval/99,99,deepseek-v4-pro,repair,0,1,complete,,False,,7,6,6,6,6,7,7,0,0.019730304,0,2.5163058839998484,16.354873788000077,1.3548737880000772,1,0.002849088,3072,419,,False
common-135-he99-deepseek-flash-repair-delay1-rep1,common,HumanEval/99,99,deepseek-flash,repair,1,1,complete,,False,,6,5,5,5,5,6,6,0,0.007225056,0,3.08161151000013,15.374348785000166,0.37434878500016566,1,0.001146384,2172,935,,False
common-136-he99-deepseek-flash-resample-delay0-rep1,common,HumanEval/99,99,deepseek-flash,resample,0,1,complete,,False,,9,8,8,9,9,9,9,0,0.007341696,0,2.0761114140000245,15.720551747000172,0.7205517470001723,0,0,1152,1368,,False
common-137-he99-deepseek-flash-resample-delay0-rep2,common,HumanEval/99,99,deepseek-flash,resample,0,2,complete,,False,,9,8,8,9,9,9,9,0,0.008474496,0,1.525171938999847,15.601575970999875,0.6015759709998747,0,0,1152,1368,,False
common-138-he99-deepseek-flash-repair-delay1-rep2,common,HumanEval/99,99,deepseek-flash,repair,1,2,complete,,False,,6,5,5,5,5,6,6,0,0.008187072,0,3.0698589660000835,15.067942900000162,0.0679429000001619,1,0.001423488,1664,1418,,False
common-139-he99-deepseek-v4-pro-repair-delay0-rep2,common,HumanEval/99,99,deepseek-v4-pro,repair,0,2,complete,,False,,7,6,6,6,6,7,7,0,0.020556096,0,2.4726934909999727,15.27647968600013,0.27647968600012973,1,0.002553408,2688,741,,False
common-140-he99-deepseek-flash-resample-delay1-rep2,common,HumanEval/99,99,deepseek-flash,resample,1,2,complete,,False,,6,5,5,5,5,6,6,0,0.005249664,0,2.9396476199999597,15.294391218999863,0.29439121899986276,1,0.000831744,768,912,,False
common-141-he99-deepseek-v4-pro-repair-delay1-rep2,common,HumanEval/99,99,deepseek-v4-pro,repair,1,2,complete,,False,,5,4,4,5,5,5,5,0,0.024670272,0,3.2244216230001257,15.84586166500003,0.8458616650000295,0,0,1536,1061,,False
common-142-he99-deepseek-v4-pro-resample-delay0-rep2,common,HumanEval/99,99,deepseek-v4-pro,resample,0,2,complete,,False,,7,6,2,2,2,7,7,0,0.032490304,0,4.732168168000044,16.061761895000018,1.0617618950000178,1,0.007809472,1792,161,,False
common-143-he99-deepseek-flash-repair-delay0-rep2,common,HumanEval/99,99,deepseek-flash,repair,0,2,complete,,False,,8,7,7,8,8,8,8,0,0.009180384,0,1.9451232829997025,15.746323927000049,0.7463239270000486,0,0,3058,1076,,False
common-144-he99-deepseek-v4-pro-resample-delay1-rep2,common,HumanEval/99,99,deepseek-v4-pro,resample,1,2,complete,,False,,5,4,3,3,3,5,5,0,0.026216960,0,4.238348003999818,16.57410538699969,1.5741053869996904,1,0.006510592,1280,115,,False
