run_id,scheduler,game,model,mode,steps,repeat,score,signed_score,max_score,victory,steps_recorded,logical_s,wall_s,clock_consistent,requests,no_tool_steps,malformed_tool_blocks,cost_cny
episode-001,chunk-six,detective.z5,deepseek-v4-pro,speed,32,7,70,70,360,False,32,75.38923989613104,46.097295118000034,True,32,1,1,0.114445056
episode-002,chunk-six,enchanter.z3,deepseek-flash,speed,32,6,0,0,400,False,32,48.81840993896009,28.26011507199985,True,32,10,6,0.029849568
episode-003,chunk-six,detective.z5,deepseek-flash,speed,32,4,70,70,360,False,32,198.4322586623569,170.45089709899992,True,32,4,14582,0.640580160
episode-004,chunk-six,advent.z5,deepseek-v4-pro,speed,32,7,36,36,350,False,6,10.16511723545122,10.166123147000121,True,7,6,6,0.016941056
episode-005,chunk-six,zork1.z5,deepseek-flash,speed,32,4,10,10,350,False,32,50.3613675053094,29.11802220700008,True,32,10,9,0.033992640
episode-006,chunk-six,advent.z5,deepseek-v4-pro,speed,32,2,36,36,350,False,32,74.54889069951349,49.99701470500008,True,32,3,3,0.106430720
episode-007,chunk-six,zork1.z5,deepseek-v4-pro,speed,32,2,40,40,350,False,32,67.78105628660856,40.85856484999999,True,32,4,4,0.099107008
episode-008,chunk-six,zork1.z5,deepseek-v4-pro,speed,32,4,40,40,350,False,32,67.30813050889823,38.08095888400021,True,32,2,2,0.089751552
episode-009,chunk-six,zork1.z5,deepseek-v4-pro,speed,32,3,40,40,350,False,32,71.87750167217219,42.332431039000085,True,32,2,2,0.092371136
episode-010,chunk-six,detective.z5,deepseek-flash,speed,32,5,60,60,360,False,32,48.143234157966816,25.543421413000033,True,32,6,4,0.027873312
episode-011,chunk-six,advent.z5,deepseek-flash,speed,32,4,36,36,350,False,32,48.474809732211,27.261892554999804,True,32,10,8,0.032289792
episode-012,chunk-six,advent.z5,deepseek-v4-pro,speed,32,8,36,36,350,False,6,9.787191460942196,9.790096726000002,True,7,6,6,0.013163392
episode-013,chunk-six,advent.z5,deepseek-v4-pro,speed,32,3,36,36,350,False,32,56.70235941225441,46.85473296400005,True,32,20,21,0.105060736
episode-014,chunk-six,zork1.z5,deepseek-v4-pro,speed,32,6,15,15,350,False,32,65.007876152504,41.869782216999965,True,32,7,7,0.086423040
episode-015,chunk-six,enchanter.z3,deepseek-v4-pro,speed,32,8,0,0,400,False,32,61.33450038158304,43.4440386010001,True,32,12,12,0.097746176
episode-016,chunk-six,zork1.z5,deepseek-flash,speed,32,8,15,15,350,False,32,44.970406774478384,27.87261951000005,True,32,12,31,0.030968352
episode-017,chunk-six,detective.z5,deepseek-flash,speed,32,3,70,70,360,False,32,52.223082510983545,25.78178879899997,True,32,4,1,0.027820704
episode-018,chunk-six,zork1.z5,deepseek-v4-pro,speed,32,8,0,0,350,False,6,9.04968458176096,8.990204661000007,True,7,6,4,0.015010688
episode-019,chunk-six,enchanter.z3,deepseek-flash,speed,32,4,0,0,400,False,32,55.70335362948645,29.376407883999946,True,32,4,2,0.028382880
episode-020,chunk-six,detective.z5,deepseek-v4-pro,speed,32,6,90,90,360,False,32,144.30179512351626,113.74469970099994,True,32,0,0,0.100592448
episode-021,chunk-six,detective.z5,deepseek-v4-pro,speed,32,5,20,20,360,False,8,15.546312830652276,11.401254471999891,True,8,3,4,0.023375616
episode-022,chunk-six,advent.z5,deepseek-v4-pro,speed,32,1,36,36,350,False,32,138.90838271076427,118.39067106900006,True,32,3,3,0.095080832
episode-023,chunk-six,enchanter.z3,deepseek-v4-pro,speed,32,3,0,0,400,False,32,150.03439696827266,122.73396557000001,True,32,3,3,0.109278400
episode-024,chunk-six,detective.z5,deepseek-flash,speed,32,7,60,60,360,False,32,51.35481505626167,27.52021925100007,True,32,6,6,0.028567872
episode-025,chunk-six,zork1.z5,deepseek-v4-pro,speed,32,1,5,5,350,False,32,116.63728351329351,96.45548087099996,True,32,6,6,0.095128704
episode-026,chunk-six,enchanter.z3,deepseek-v4-pro,speed,32,7,0,0,400,False,32,116.27682328588656,90.66592358699995,True,32,3,3,0.091431296
episode-027,chunk-six,enchanter.z3,deepseek-flash,speed,32,3,20,20,400,False,32,51.82466571321197,30.82097120000003,True,32,10,24,0.034275264
episode-028,chunk-six,enchanter.z3,deepseek-v4-pro,speed,32,5,0,0,400,False,32,120.8679133526053,96.33192844500013,True,32,7,7,0.093465152
episode-029,chunk-six,zork1.z5,deepseek-flash,speed,32,7,5,5,350,False,32,46.612213837511575,28.950961808000102,True,32,12,29,0.028785120
episode-030,chunk-six,enchanter.z3,deepseek-flash,speed,32,1,0,0,400,False,32,56.61453992525749,27.46726768199983,True,32,2,1,0.028516608
episode-031,chunk-six,detective.z5,deepseek-flash,speed,32,6,70,70,360,False,32,57.94316360683357,27.917855450999923,True,32,2,0,0.027046080
episode-032,chunk-six,zork1.z5,deepseek-flash,speed,32,2,40,40,350,False,32,53.20843932821927,30.75365229299996,True,32,9,10,0.030067872
episode-033,chunk-six,detective.z5,deepseek-v4-pro,speed,32,4,30,30,360,False,9,23.56772146702969,18.144585749000044,True,9,1,1,0.021441728
episode-034,chunk-six,advent.z5,deepseek-flash,speed,32,2,36,36,350,False,32,49.500927500359204,30.614057097000114,True,32,12,16,0.032469312
episode-035,chunk-six,advent.z5,deepseek-flash,speed,32,6,36,36,350,False,32,55.21710093094694,30.137332261999973,True,32,5,12,0.030535872
episode-036,chunk-six,zork1.z5,deepseek-v4-pro,speed,32,7,40,40,350,False,32,85.9245675730007,58.65261200200007,True,32,4,4,0.095168128
episode-037,chunk-six,enchanter.z3,deepseek-v4-pro,speed,32,2,0,0,400,False,32,84.11789928143446,57.71559226499994,True,32,6,6,0.105348672
episode-038,chunk-six,detective.z5,deepseek-v4-pro,speed,32,3,30,30,360,False,8,18.89367267245474,13.555723072000092,True,8,0,0,0.020860928
episode-039,chunk-six,advent.z5,deepseek-v4-pro,speed,32,4,36,36,350,False,32,76.40553563216481,56.20614678800007,True,32,5,5,0.089709312
episode-040,chunk-six,enchanter.z3,deepseek-flash,speed,32,5,0,0,400,False,32,42.39428737050016,28.884326010999985,True,32,17,34,0.030561120
episode-041,chunk-six,enchanter.z3,deepseek-v4-pro,speed,32,4,0,0,400,False,32,83.23890662700644,57.576472675000105,True,32,3,3,0.099723008
episode-042,chunk-six,zork1.z5,deepseek-flash,speed,32,3,39,39,350,False,32,51.93838812916739,28.779041887999938,True,32,7,30,0.029554368
episode-043,chunk-six,detective.z5,deepseek-flash,speed,32,8,80,80,360,False,32,61.466892505330605,31.5982463979999,True,32,1,1,0.030571008
episode-044,chunk-six,detective.z5,deepseek-v4-pro,speed,32,1,60,60,360,False,32,83.84536538643404,53.770955578999974,True,32,2,1,0.111408704
episode-045,chunk-six,detective.z5,deepseek-v4-pro,speed,32,2,70,70,360,False,32,78.37527146488988,56.450652063999996,True,32,3,3,0.102109568
episode-046,chunk-six,zork1.z5,deepseek-flash,speed,32,1,30,30,350,False,31,54.86332267655645,28.740480856999966,True,31,4,4,0.029663424
episode-047,chunk-six,detective.z5,deepseek-flash,speed,32,1,70,70,360,False,32,57.87761052793563,30.71010262799996,True,32,3,2,0.029705376
episode-048,chunk-six,advent.z5,deepseek-flash,speed,32,1,36,36,350,False,32,46.21156014954829,30.330319796999902,True,32,12,12,0.030234336
episode-049,chunk-six,advent.z5,deepseek-flash,speed,32,5,36,36,350,False,32,52.38351104359769,30.995470823999995,True,32,10,9,0.030322848
episode-050,chunk-six,enchanter.z3,deepseek-v4-pro,speed,32,6,0,0,400,False,32,68.44473098841696,42.63374957499991,True,32,5,5,0.099820160
episode-051,chunk-six,enchanter.z3,deepseek-flash,speed,32,7,20,20,400,False,32,50.069294683287836,28.04608006100011,True,32,9,29,0.030890112
episode-052,chunk-six,zork1.z5,deepseek-flash,speed,32,6,40,40,350,False,32,52.48362956467051,27.83076945699986,True,32,4,16,0.028894080
episode-053,chunk-six,zork1.z5,deepseek-v4-pro,speed,32,5,15,15,350,False,32,68.74512437203296,44.273277306999944,True,32,6,6,0.090454848
episode-054,chunk-six,detective.z5,deepseek-flash,speed,32,2,20,20,360,False,6,9.465635408732513,5.337271507999958,True,6,1,5,0.006223296
episode-055,chunk-six,advent.z5,deepseek-v4-pro,speed,32,5,36,36,350,False,15,19.171006174822722,19.34170914299989,True,16,15,15,0.037949824
episode-056,chunk-six,advent.z5,deepseek-flash,speed,32,7,36,36,350,False,32,51.83479235607582,30.46105926999985,True,32,9,25,0.031822176
episode-057,chunk-six,enchanter.z3,deepseek-flash,speed,32,2,20,20,400,False,32,47.18458978041218,28.665889838000112,True,32,10,13,0.030213696
episode-058,chunk-six,zork1.z5,deepseek-flash,speed,32,5,35,35,350,False,32,51.08401092324395,29.044120797000005,True,32,9,9,0.029235168
episode-059,chunk-six,enchanter.z3,deepseek-flash,speed,32,8,20,20,400,False,32,52.635772304378264,29.150497901000108,True,32,5,30,0.029679360
episode-060,chunk-six,advent.z5,deepseek-flash,speed,32,8,61,61,350,False,32,54.900639592372684,28.668511702999922,True,32,3,1,0.027647904
episode-061,chunk-six,advent.z5,deepseek-flash,speed,32,3,36,36,350,False,32,49.769392861346475,27.830328123000072,True,32,4,28,0.028944480
episode-062,chunk-six,advent.z5,deepseek-v4-pro,speed,32,6,61,61,350,False,32,69.4309143476121,43.37693559099989,True,32,3,3,0.102025792
episode-063,chunk-six,enchanter.z3,deepseek-v4-pro,speed,32,1,0,0,400,False,32,67.47928777394932,44.479959174999976,True,32,6,6,0.101980736
episode-064,chunk-six,detective.z5,deepseek-v4-pro,speed,32,8,10,10,360,False,18,27.898481257016087,27.157364630999837,True,19,17,17,0.057678720
episode-065,chunk-six,detective.z5,deepseek-flash,timed,30,5,30,30,360,False,8,12.118488688375152,6.908550890000015,True,8,2,0,0.006186336
episode-066,chunk-six,advent.z5,deepseek-v4-pro,timed,30,5,36,36,350,False,30,58.25672008780094,35.712438350999946,True,30,4,3,0.075898944
episode-067,chunk-six,detective.z5,deepseek-flash,timed,10,6,20,20,360,False,10,11.276478421456641,8.328766232000135,True,10,7,0,0.008862528
episode-068,chunk-six,zork1.z5,deepseek-v4-pro,timed,20,2,10,10,350,False,20,40.867140093413234,26.470321688000013,True,20,4,4,0.055350592
episode-069,chunk-six,zork1.z5,deepseek-v4-pro,timed,30,1,0,0,350,False,6,9.499938221069613,9.573044395000124,True,7,6,6,0.015945600
episode-070,chunk-six,enchanter.z3,deepseek-v4-pro,timed,30,1,0,0,400,False,9,12.633679106402274,12.761229819999926,True,10,9,9,0.025934656
episode-071,chunk-six,zork1.z5,deepseek-v4-pro,timed,30,4,5,5,350,False,30,66.67299781615652,43.84271173900015,True,30,5,9,0.094481024
episode-072,chunk-six,enchanter.z3,deepseek-flash,timed,20,6,0,0,400,False,20,29.994368120420514,17.922172673000205,True,20,8,15,0.020490144
episode-073,chunk-six,advent.z5,deepseek-flash,timed,20,8,36,36,350,False,20,28.68410035141452,16.339282786000012,True,20,6,0,0.016758432
episode-074,chunk-six,enchanter.z3,deepseek-flash,timed,100,8,40,40,400,False,100,146.01980550512167,104.62953262399992,True,100,54,52,0.099210912
episode-075,chunk-six,detective.z5,deepseek-flash,timed,20,8,60,60,360,False,20,32.51546906414532,16.57221589300002,True,20,4,0,0.017388672
episode-076,chunk-six,enchanter.z3,deepseek-flash,timed,100,3,0,0,400,False,93,161.93442638949796,99.131867328,True,93,27,89,0.110485248
episode-077,chunk-six,detective.z5,deepseek-flash,timed,20,7,10,10,360,False,14,14.983164883268307,14.947887412,True,15,14,0,0.014021472
episode-078,chunk-six,zork1.z5,deepseek-flash,timed,30,1,10,10,350,False,27,47.50681129360255,26.041498090999994,True,27,3,0,0.024360480
episode-079,chunk-six,enchanter.z3,deepseek-flash,timed,50,8,0,0,400,False,48,73.12293064890282,45.26889325100001,True,48,16,28,0.045130848
episode-080,chunk-six,advent.z5,deepseek-flash,timed,10,4,36,36,350,False,10,15.6397065374297,10.422963812000035,True,10,3,3,0.010688256
episode-081,chunk-six,detective.z5,deepseek-flash,timed,30,6,30,30,360,False,10,15.85024411858127,10.622878318000176,True,10,4,0,0.008588928
episode-082,chunk-six,enchanter.z3,deepseek-v4-pro,timed,30,6,0,0,400,False,30,68.8015081209014,42.36695009699997,True,30,1,1,0.109590272
episode-083,chunk-six,enchanter.z3,deepseek-flash,timed,100,5,20,20,400,False,100,143.96373790967095,96.63215166099985,True,100,49,51,0.106240320
episode-084,chunk-six,detective.z5,deepseek-v4-pro,timed,30,6,30,30,360,False,13,21.649443841367304,16.604439878999983,True,13,7,7,0.032721920
episode-085,chunk-six,detective.z5,deepseek-flash,timed,100,2,20,20,360,False,6,10.81859700468475,6.581899483000143,True,6,1,0,0.005941152
episode-086,chunk-six,zork1.z5,deepseek-flash,timed,10,1,10,10,350,False,10,15.833067301560277,8.607130286000029,True,10,1,6,0.008488608
episode-087,chunk-six,enchanter.z3,deepseek-v4-pro,timed,50,5,15,15,400,False,50,124.61484071473294,79.392665695,True,50,2,1,0.260556736
episode-088,chunk-six,advent.z5,deepseek-v4-pro,timed,20,5,36,36,350,False,20,38.64941258884061,25.178519421000146,True,20,4,6,0.054548032
episode-089,chunk-six,zork1.z5,deepseek-v4-pro,timed,20,1,5,5,350,False,20,40.755068270493304,28.348390974999802,True,20,5,5,0.058622784
episode-090,chunk-six,detective.z5,deepseek-v4-pro,timed,10,5,50,50,360,False,10,23.380265316588694,13.501399684999797,True,10,0,0,0.031451904
episode-091,chunk-six,advent.z5,deepseek-v4-pro,timed,100,8,68,68,350,False,62,136.18688409908543,91.30121888199983,True,62,3,3,0.230209408
episode-092,chunk-six,advent.z5,deepseek-flash,timed,100,1,36,36,350,False,100,126.36585383382672,99.54878191000034,True,100,67,98,0.113878272
episode-093,chunk-six,detective.z5,deepseek-flash,timed,100,5,20,20,360,False,9,12.609129612734193,8.479107431000102,True,9,4,1,0.007814496
episode-094,chunk-six,zork1.z5,deepseek-v4-pro,timed,10,4,0,0,350,False,10,19.063839248853924,12.607551154000248,True,10,2,2,0.026935040
episode-095,chunk-six,zork1.z5,deepseek-flash,timed,20,6,15,15,350,False,18,31.48433558751211,16.354435592999835,True,18,1,0,0.018198816
episode-096,chunk-six,zork1.z5,deepseek-flash,timed,10,7,0,0,350,False,10,14.728737537335592,9.473700690999976,True,10,3,6,0.010146240
episode-097,chunk-six,detective.z5,deepseek-v4-pro,timed,10,3,40,40,360,False,10,20.656567138699792,14.530321127000207,True,10,3,3,0.025252480
episode-098,chunk-six,advent.z5,deepseek-v4-pro,timed,10,7,36,36,350,False,10,19.27371398511719,16.106336359000125,True,10,6,12,0.024708992
episode-099,chunk-six,zork1.z5,deepseek-flash,timed,20,3,10,10,350,False,18,32.26819212934325,16.16706920100023,True,18,2,17,0.018086880
episode-100,chunk-six,advent.z5,deepseek-v4-pro,timed,20,3,36,36,350,False,20,36.97226079406928,30.252333784000257,True,20,10,20,0.053338560
episode-101,chunk-six,detective.z5,deepseek-v4-pro,timed,50,3,90,90,360,False,50,113.34520376262975,72.97313540699997,True,50,5,5,0.182956928
episode-102,chunk-six,advent.z5,deepseek-v4-pro,timed,10,6,36,36,350,False,10,17.200314117533445,13.28362967799967,True,10,6,6,0.027327872
episode-103,chunk-six,enchanter.z3,deepseek-v4-pro,timed,100,1,15,15,400,False,100,167.24566503890003,128.15212396200013,True,100,52,99,0.356168384
episode-104,chunk-six,enchanter.z3,deepseek-v4-pro,timed,10,2,0,0,400,False,10,21.701124056011466,15.370899344999998,True,10,3,5,0.029844672
episode-105,chunk-six,enchanter.z3,deepseek-flash,timed,10,3,0,0,400,False,10,8.56372779419334,8.564410507000048,True,10,10,0,0.008753568
episode-106,chunk-six,detective.z5,deepseek-flash,timed,30,1,20,20,360,False,9,12.008201564489793,7.829474859999664,True,9,4,1,0.007473408
episode-107,chunk-six,advent.z5,deepseek-flash,timed,30,6,36,36,350,False,30,46.31078037301637,26.89121162499987,True,30,8,27,0.033120288
episode-108,chunk-six,zork1.z5,deepseek-v4-pro,timed,50,7,45,45,350,False,50,106.33397117120884,63.53280027799974,True,50,4,4,0.150872832
episode-109,chunk-six,enchanter.z3,deepseek-v4-pro,timed,30,4,0,0,400,False,30,65.37940700719439,41.81779664399983,True,30,3,3,0.099451968
episode-110,chunk-six,advent.z5,deepseek-flash,timed,50,1,36,36,350,False,50,79.29386621329544,49.59289769199995,True,50,16,27,0.053755968
episode-111,chunk-six,advent.z5,deepseek-flash,timed,50,7,36,36,350,False,29,84.9790240700434,64.72047440400002,True,29,7,24,0.188466336
episode-112,chunk-six,zork1.z5,deepseek-flash,timed,30,3,35,35,350,False,30,44.579400596946165,26.481700364000062,True,30,9,29,0.029490432
episode-113,chunk-six,advent.z5,deepseek-v4-pro,timed,50,3,61,61,350,False,50,112.05584733610715,68.55626839199977,True,50,2,5,0.171760512
episode-114,chunk-six,zork1.z5,deepseek-flash,timed,50,3,50,50,350,False,48,79.46973518811032,39.92013696499998,True,48,4,43,0.046108992
episode-115,chunk-six,enchanter.z3,deepseek-v4-pro,timed,100,3,35,35,400,False,68,155.99804327215773,94.5465192429997,True,68,4,5,0.276523456
episode-116,chunk-six,detective.z5,deepseek-v4-pro,timed,30,1,10,10,360,False,19,24.86618891881309,24.938680527000088,True,20,19,19,0.051910144
episode-117,chunk-six,detective.z5,deepseek-flash,timed,100,6,30,30,360,False,14,18.63401434880636,13.472117233000063,True,14,8,0,0.012537408
episode-118,chunk-six,enchanter.z3,deepseek-v4-pro,timed,20,8,0,0,400,False,12,16.17266129124815,16.254164989999936,True,13,12,12,0.031713792
episode-119,chunk-six,zork1.z5,deepseek-flash,timed,20,5,15,15,350,False,20,31.055478206671275,14.775899884999944,True,20,2,18,0.016938816
episode-120,chunk-six,zork1.z5,deepseek-flash,timed,10,3,5,5,350,False,10,15.33690607153561,8.250753654000164,True,10,2,3,0.008167008
episode-121,chunk-six,detective.z5,deepseek-flash,timed,50,4,90,90,360,False,44,76.57782044418337,38.78147154399994,True,44,5,0,0.038964960
episode-122,chunk-six,advent.z5,deepseek-flash,timed,20,1,36,36,350,False,20,31.169238143895726,13.974641382999835,True,20,2,20,0.017218464
episode-123,chunk-six,enchanter.z3,deepseek-v4-pro,timed,100,2,0,0,400,False,100,179.49001942435277,133.76588451899988,True,100,49,0,0.419020096
episode-124,chunk-six,advent.z5,deepseek-v4-pro,timed,100,7,36,36,350,False,14,18.98914096124103,18.942564207000032,True,15,14,14,0.036669952
episode-125,chunk-six,advent.z5,deepseek-flash,timed,20,4,36,36,350,False,20,30.93851440040991,18.638986304000355,True,20,7,4,0.020904672
episode-126,chunk-six,enchanter.z3,deepseek-v4-pro,timed,50,6,0,0,400,False,50,87.25098927474068,65.39612220800018,True,50,27,52,0.168353856
episode-127,chunk-six,advent.z5,deepseek-flash,timed,30,4,36,36,350,False,30,44.33382247110974,26.831996910999806,True,30,10,25,0.031271232
episode-128,chunk-six,detective.z5,deepseek-v4-pro,timed,30,3,60,60,360,False,30,61.83161042671939,40.21049670799994,True,30,4,4,0.096232576
episode-129,chunk-six,zork1.z5,deepseek-flash,timed,50,6,30,30,350,False,32,54.90349440901002,29.200498960999994,True,32,6,33,0.034020480
episode-130,chunk-six,zork1.z5,deepseek-flash,timed,100,1,40,40,350,False,94,149.7096323092991,87.46278794499995,True,94,27,92,0.099470112
episode-131,chunk-six,enchanter.z3,deepseek-flash,timed,10,6,0,0,400,False,10,15.312748742949058,8.961136533000172,True,10,1,5,0.009064320
episode-132,chunk-six,zork1.z5,deepseek-v4-pro,timed,20,7,5,5,350,False,20,33.51892446050256,25.82283801099993,True,20,10,10,0.052204416
episode-133,chunk-six,enchanter.z3,deepseek-flash,timed,50,6,20,20,400,False,50,64.38054990467913,45.5682136989999,True,50,29,32,0.054745152
episode-134,chunk-six,detective.z5,deepseek-v4-pro,timed,20,2,30,30,360,False,20,29.071640599129893,24.701647651000258,True,20,14,0,0.052617664
episode-135,chunk-six,enchanter.z3,deepseek-flash,timed,50,7,20,20,400,False,50,61.37746158785724,45.83320778899997,True,50,32,55,0.050503200
episode-136,chunk-six,zork1.z5,deepseek-v4-pro,timed,20,5,15,15,350,False,20,39.46862970920123,21.48840253299977,True,20,2,1,0.050125504
episode-137,chunk-six,detective.z5,deepseek-flash,timed,20,4,20,20,360,False,7,9.509237544970313,5.5622944169999755,True,7,3,0,0.006139104
episode-138,chunk-six,zork1.z5,deepseek-v4-pro,timed,100,4,54,54,350,False,100,223.43626853567343,133.10102529100004,True,100,4,4,0.394394176
episode-139,chunk-six,zork1.z5,deepseek-v4-pro,timed,10,7,0,0,350,False,10,18.732159174015848,14.635518903000047,True,10,5,5,0.025857216
episode-140,chunk-six,zork1.z5,deepseek-flash,timed,30,5,35,35,350,False,30,47.5240208250996,30.131416206999802,True,30,10,8,0.033292320
episode-141,chunk-six,detective.z5,deepseek-flash,timed,10,7,30,30,360,False,7,11.800566879526567,6.607645907999995,True,7,1,0,0.005986272
episode-142,chunk-six,detective.z5,deepseek-v4-pro,timed,10,6,10,10,360,False,10,12.231197712294424,12.186731188000067,True,10,10,10,0.020926400
episode-143,chunk-six,zork1.z5,deepseek-v4-pro,timed,30,5,15,15,350,False,30,67.24080248623137,39.93837563399984,True,30,1,1,0.091975488
episode-144,chunk-six,advent.z5,deepseek-v4-pro,timed,20,1,36,36,350,False,11,17.839477602129868,17.875284932999875,True,12,11,0,0.030569088
episode-145,chunk-six,enchanter.z3,deepseek-flash,timed,100,1,0,0,400,False,100,120.11946439946757,92.36652566200019,True,100,69,89,0.100116480
episode-146,chunk-six,zork1.z5,deepseek-flash,timed,50,2,30,30,350,False,26,43.70473327045543,20.597589873999823,True,26,2,25,0.023298432
episode-147,chunk-six,advent.z5,deepseek-v4-pro,timed,50,6,36,36,350,False,25,31.543328291924304,31.844932488000268,True,26,25,25,0.064948928
episode-148,chunk-six,enchanter.z3,deepseek-v4-pro,timed,30,3,0,0,400,False,30,51.58564980712258,42.77383356300015,True,30,20,30,0.107129088
episode-149,chunk-six,enchanter.z3,deepseek-flash,timed,20,2,20,20,400,False,19,32.5120640930665,19.262999590999698,True,19,3,3,0.017287968
episode-150,chunk-six,enchanter.z3,deepseek-flash,timed,50,1,20,20,400,False,44,79.10181190420118,46.77135698599977,True,44,3,42,0.038671200
episode-151,chunk-six,enchanter.z3,deepseek-v4-pro,timed,50,3,0,0,400,False,50,119.5768421632771,74.1253823510001,True,50,3,5,0.179717824
episode-152,chunk-six,advent.z5,deepseek-flash,timed,20,6,36,36,350,False,19,32.32631930355822,20.992133985000237,True,19,6,23,0.020724000
episode-153,chunk-six,detective.z5,deepseek-flash,timed,20,5,50,50,360,False,20,37.57043360503664,21.36164995900026,True,20,3,21,0.020185824
episode-154,chunk-six,detective.z5,deepseek-flash,timed,30,3,70,70,360,False,30,55.04439351368994,31.99518751300002,True,30,6,0,0.025115424
episode-155,chunk-six,zork1.z5,deepseek-v4-pro,timed,10,1,0,0,350,False,10,18.200242785187093,14.141480397999658,True,10,6,5,0.024544960
episode-156,chunk-six,detective.z5,deepseek-v4-pro,timed,100,7,130,130,360,False,64,143.52553443182813,94.91577124300011,True,64,4,4,0.229941184
episode-157,chunk-six,advent.z5,deepseek-flash,timed,30,8,36,36,350,False,20,48.134597247642915,34.060573619000024,True,20,6,12,0.022297344
episode-158,chunk-six,zork1.z5,deepseek-v4-pro,timed,30,8,40,40,350,False,30,66.04836179735159,40.38556246999997,True,30,4,4,0.080863552
episode-159,chunk-six,zork1.z5,deepseek-v4-pro,timed,50,5,30,30,350,False,48,114.10354687391425,75.84002555300003,True,48,5,4,0.156332352
episode-160,chunk-six,advent.z5,deepseek-flash,timed,50,5,61,61,350,False,32,69.13704701700308,42.75144907699996,True,32,3,0,0.028112160
episode-161,chunk-six,advent.z5,deepseek-v4-pro,timed,30,2,36,36,350,False,30,58.70912692479388,39.824420073000056,True,30,10,20,0.086094976
episode-162,chunk-six,enchanter.z3,deepseek-flash,timed,20,1,20,20,400,False,20,21.008918002075834,17.699327334000373,True,20,16,21,0.018599136
episode-163,chunk-six,advent.z5,deepseek-v4-pro,timed,100,4,75,75,350,False,100,215.8673893852836,144.501014553,True,100,6,6,0.409956800
episode-164,chunk-six,zork1.z5,deepseek-flash,timed,20,4,0,0,350,False,20,28.452666430718416,18.288659371999984,True,20,9,9,0.019758432
episode-165,chunk-six,advent.z5,deepseek-v4-pro,timed,50,1,61,61,350,False,50,111.94900126357598,68.565230961,True,50,3,3,0.154725120
episode-166,chunk-six,advent.z5,deepseek-v4-pro,timed,30,1,36,36,350,False,30,66.71197629471159,44.46191246699982,True,30,1,3,0.093249024
episode-167,chunk-six,detective.z5,deepseek-v4-pro,timed,100,3,350,350,360,True,86,193.75957871807273,118.04872469600014,True,86,9,10,0.391171968
episode-168,chunk-six,detective.z5,deepseek-v4-pro,timed,30,2,70,70,360,False,30,65.12374426543754,40.0162781680001,True,30,2,2,0.100762112
episode-169,chunk-six,detective.z5,deepseek-v4-pro,timed,100,6,10,10,360,False,15,21.215066669871042,21.42451388900008,True,16,15,3,0.042511744
episode-170,chunk-six,enchanter.z3,deepseek-v4-pro,timed,100,6,20,20,400,False,89,182.31060593087565,122.53648918800036,True,89,29,29,0.369254336
episode-171,chunk-six,detective.z5,deepseek-flash,timed,100,3,120,120,360,False,58,97.71262200454836,48.900872091999645,True,58,9,1,0.052400256
episode-172,chunk-six,zork1.z5,deepseek-v4-pro,timed,10,8,0,0,350,False,10,19.11843713435684,13.17722404099959,True,10,4,4,0.022425216
episode-173,chunk-six,enchanter.z3,deepseek-flash,timed,30,8,0,0,400,False,30,45.45865368615184,26.89276600300036,True,30,8,12,0.030419232
episode-174,chunk-six,advent.z5,deepseek-flash,timed,10,6,36,36,350,False,10,8.787688736406317,8.724895078999907,True,10,10,0,0.008942496
episode-175,chunk-six,enchanter.z3,deepseek-v4-pro,timed,10,3,0,0,400,False,10,25.543067504507903,17.3840358020002,True,10,1,3,0.031123840
episode-176,chunk-six,advent.z5,deepseek-flash,timed,20,7,36,36,350,False,20,27.511701293314065,18.349537315999896,True,20,9,14,0.022403520
episode-177,chunk-six,detective.z5,deepseek-v4-pro,timed,30,7,60,60,360,False,30,65.98782657575359,41.02188042200032,True,30,5,5,0.101763904
episode-178,chunk-six,advent.z5,deepseek-v4-pro,timed,50,8,36,36,350,False,12,18.14150260036958,18.18478038799958,True,13,12,12,0.031224512
episode-179,chunk-six,zork1.z5,deepseek-v4-pro,timed,10,2,10,10,350,False,10,22.381836327318602,14.153250432999812,True,10,1,1,0.025517184
episode-180,chunk-six,advent.z5,deepseek-flash,timed,10,1,36,36,350,False,8,8.088091772243033,8.15416272900029,True,9,8,0,0.008006688
episode-181,chunk-six,advent.z5,deepseek-flash,timed,10,7,36,36,350,False,10,16.062384796026684,9.615559766999922,True,10,1,1,0.009414528
episode-182,chunk-six,zork1.z5,deepseek-v4-pro,timed,100,2,59,59,350,False,100,241.30578013086614,146.67516901800036,True,100,5,5,0.464233792
episode-183,chunk-six,detective.z5,deepseek-v4-pro,timed,100,8,120,120,360,False,43,97.81570908772088,59.15287886900023,True,43,3,3,0.153512832
episode-184,chunk-six,zork1.z5,deepseek-flash,timed,10,4,5,5,350,False,10,13.708210138208603,7.585647686000357,True,10,3,0,0.008336064
episode-185,chunk-six,zork1.z5,deepseek-v4-pro,timed,30,7,10,10,350,False,30,63.61249925559177,41.02270694500021,True,30,5,6,0.084220928
episode-186,chunk-six,detective.z5,deepseek-v4-pro,timed,100,4,130,130,360,False,64,148.05192394900172,90.25836844700007,True,64,6,5,0.269089920
episode-187,chunk-six,enchanter.z3,deepseek-v4-pro,timed,20,1,0,0,400,False,20,42.61583826012655,29.212133675000132,True,20,6,6,0.057455552
episode-188,chunk-six,detective.z5,deepseek-flash,timed,50,1,60,60,360,False,28,47.402903250410915,24.370208216000265,True,28,4,25,0.024791136
episode-189,chunk-six,advent.z5,deepseek-flash,timed,30,2,36,36,350,False,30,39.11146624621365,26.33026330199982,True,30,17,26,0.030939936
episode-190,chunk-six,detective.z5,deepseek-flash,timed,10,4,20,20,360,False,8,10.673280491028766,6.683434879999822,True,8,4,0,0.006845568
episode-191,chunk-six,advent.z5,deepseek-flash,timed,100,3,68,68,350,False,88,154.30606251220757,84.81529077000005,True,88,14,87,0.098959104
episode-192,chunk-six,detective.z5,deepseek-v4-pro,timed,100,2,10,10,360,False,13,21.406627606724182,21.43382103699969,True,14,13,13,0.036608000
episode-193,chunk-six,zork1.z5,deepseek-v4-pro,timed,50,8,40,40,350,False,50,102.79554946440231,61.527803118000065,True,50,6,6,0.141888384
episode-194,chunk-six,zork1.z5,deepseek-v4-pro,timed,50,4,30,30,350,False,41,89.34783544393231,54.26747847800016,True,41,4,1,0.122195392
episode-195,chunk-six,detective.z5,deepseek-flash,timed,30,8,60,60,360,False,30,50.65902572495941,26.425389847999668,True,30,3,0,0.026841408
episode-196,chunk-six,zork1.z5,deepseek-flash,timed,100,5,30,30,350,False,40,63.325040227970945,37.01697777900017,True,40,12,37,0.038453184
episode-197,chunk-six,zork1.z5,deepseek-flash,timed,20,8,15,15,350,False,20,29.97300287245029,16.81890879499997,True,20,5,13,0.019772352
episode-198,chunk-six,zork1.z5,deepseek-flash,timed,100,3,30,30,350,False,57,79.9069961747027,53.696697419999964,True,57,30,71,0.065622432
episode-199,chunk-six,zork1.z5,deepseek-v4-pro,timed,10,5,0,0,350,False,10,22.426597178836037,16.400744727000074,True,10,3,4,0.033582912
episode-200,chunk-six,zork1.z5,deepseek-flash,timed,100,7,50,50,350,False,100,150.38932414601416,96.61310283600005,True,100,44,125,0.123654720
episode-201,chunk-six,advent.z5,deepseek-flash,timed,100,2,73,73,350,False,91,151.39623776526253,88.9893264960001,True,91,26,31,0.099570816
episode-202,chunk-six,advent.z5,deepseek-flash,timed,30,3,36,36,350,False,29,46.65399846356304,26.37303225200003,True,29,5,18,0.029229984
episode-203,chunk-six,enchanter.z3,deepseek-flash,timed,50,3,20,20,400,False,46,82.55537790396262,60.56498919000023,True,46,21,46,0.123646752
episode-204,chunk-six,advent.z5,deepseek-flash,timed,10,5,36,36,350,False,10,13.197758122870562,8.16180464900026,True,10,5,0,0.011824512
episode-205,chunk-six,enchanter.z3,deepseek-v4-pro,timed,20,4,0,0,400,False,20,40.461092694274186,24.48068080899975,True,20,4,4,0.055556160
episode-206,chunk-six,detective.z5,deepseek-flash,timed,30,2,70,70,360,False,30,47.246908378093615,24.080066008999893,True,30,6,1,0.025970496
episode-207,chunk-six,enchanter.z3,deepseek-flash,timed,10,7,0,0,400,False,10,14.709131653036412,9.55212994700014,True,10,4,2,0.010280640
episode-208,chunk-six,advent.z5,deepseek-flash,timed,30,1,61,61,350,False,29,48.19442116235446,25.05751727100005,True,29,3,13,0.028722624
episode-209,chunk-six,enchanter.z3,deepseek-flash,timed,20,3,0,0,400,False,8,32.636150251295874,27.371912940999664,True,8,2,6,0.047592192
episode-210,chunk-six,detective.z5,deepseek-flash,timed,10,2,40,40,360,False,10,16.683632524464095,8.729331611000362,True,10,2,7,0.010788096
episode-211,chunk-six,advent.z5,deepseek-v4-pro,timed,50,2,61,61,350,False,50,106.57265783322035,69.13323164799976,True,50,9,9,0.159292672
episode-212,chunk-six,advent.z5,deepseek-v4-pro,timed,50,4,61,61,350,False,40,91.63013532478652,56.13700149899978,True,40,3,3,0.128001984
episode-213,chunk-six,advent.z5,deepseek-v4-pro,timed,10,2,36,36,350,False,10,14.421798606486872,14.317999640999915,True,10,10,11,0.024689280
episode-214,chunk-six,enchanter.z3,deepseek-flash,timed,30,4,0,0,400,False,30,28.67341627174018,28.430047876000117,True,30,30,0,0.027860448
episode-215,chunk-six,enchanter.z3,deepseek-v4-pro,timed,10,5,20,20,400,False,10,20.281132425800347,15.035074868000265,True,10,4,4,0.027515136
episode-216,chunk-six,detective.z5,deepseek-v4-pro,timed,50,1,100,100,360,False,50,125.77310087284266,80.39281548500048,True,50,0,1,0.196543424
episode-217,chunk-six,detective.z5,deepseek-v4-pro,timed,50,5,100,100,360,False,50,105.03966375946541,73.57698645000028,True,50,10,10,0.171518336
episode-218,chunk-six,zork1.z5,deepseek-flash,timed,30,8,25,25,350,False,29,44.625874455193916,24.64257595900017,True,29,7,28,0.026489952
episode-219,chunk-six,zork1.z5,deepseek-v4-pro,timed,50,1,15,15,350,False,50,108.74168711292789,71.95640631900005,True,50,4,4,0.171076928
episode-220,chunk-six,advent.z5,deepseek-flash,timed,100,8,61,61,350,False,100,136.43227985536703,89.1697641550004,True,100,51,53,0.098663904
episode-221,chunk-six,detective.z5,deepseek-flash,timed,100,7,110,110,360,False,95,133.5708268600174,87.38003484900037,True,95,48,46,0.091696992
episode-222,chunk-six,zork1.z5,deepseek-flash,timed,10,2,0,0,350,False,10,14.136803355105105,8.87467949799975,True,10,3,6,0.010719840
episode-223,chunk-six,enchanter.z3,deepseek-flash,timed,30,3,20,20,400,False,30,36.17935395422773,26.74207036900043,True,30,16,20,0.029072640
episode-224,chunk-six,enchanter.z3,deepseek-v4-pro,timed,50,8,0,0,400,False,50,105.68016184564306,68.96351624500039,True,50,12,12,0.179013120
episode-225,chunk-six,detective.z5,deepseek-v4-pro,timed,10,7,10,10,360,False,10,13.397596668549072,13.479560250999384,True,10,10,10,0.025303872
episode-226,chunk-six,advent.z5,deepseek-flash,timed,50,8,61,61,350,False,50,74.09358645656468,43.25734864500009,True,50,15,46,0.047045952
episode-227,chunk-six,advent.z5,deepseek-v4-pro,timed,50,7,61,61,350,False,50,107.33772632022884,66.1291493030003,True,50,9,9,0.154861696
episode-228,chunk-six,enchanter.z3,deepseek-flash,timed,10,5,0,0,400,False,10,12.178115963341224,7.91405258299983,True,10,4,2,0.008275200
episode-229,chunk-six,zork1.z5,deepseek-v4-pro,timed,100,1,5,-5,350,False,63,134.01275429825097,83.56521863099988,True,63,9,9,0.192394752
episode-230,chunk-six,zork1.z5,deepseek-flash,timed,20,7,15,15,350,False,20,30.779665924652278,14.654717280999648,True,20,3,2,0.018763104
episode-231,chunk-six,enchanter.z3,deepseek-flash,timed,30,1,0,0,400,False,30,47.15368873537095,27.96540652800013,True,30,9,14,0.033095232
episode-232,chunk-six,detective.z5,deepseek-flash,timed,20,3,20,20,360,False,8,10.166312458454229,6.124303571999917,True,8,4,1,0.007530144
episode-233,chunk-six,detective.z5,deepseek-flash,timed,30,7,20,20,360,False,5,7.824210031296527,3.8020212159999573,True,5,1,0,0.004382688
episode-234,chunk-six,advent.z5,deepseek-v4-pro,timed,30,7,36,36,350,False,30,66.71009161444569,44.44735533899984,True,30,2,5,0.101006400
episode-235,chunk-six,advent.z5,deepseek-flash,timed,20,5,36,36,350,False,20,32.3240923435981,16.163441370000328,True,20,2,17,0.017583840
episode-236,chunk-six,enchanter.z3,deepseek-flash,timed,100,7,20,20,400,False,67,98.07296596473213,60.69770205700024,True,67,26,77,0.068092704
episode-237,chunk-six,detective.z5,deepseek-flash,timed,10,3,20,20,360,False,8,10.550799860779405,6.603282665999359,True,8,4,0,0.006859488
episode-238,chunk-six,advent.z5,deepseek-v4-pro,timed,20,7,36,36,350,False,20,41.82848414479412,27.366605033999804,True,20,4,4,0.055418880
episode-239,chunk-six,zork1.z5,deepseek-v4-pro,timed,20,4,5,5,350,False,20,32.04190443944263,21.908727119000105,True,20,8,8,0.050211392
episode-240,chunk-six,detective.z5,deepseek-v4-pro,timed,20,5,60,60,360,False,20,37.889330888552834,24.665109141999892,True,20,4,4,0.058055360
episode-241,chunk-six,detective.z5,deepseek-v4-pro,timed,50,6,40,40,360,False,50,79.65095610167782,69.02365602899954,True,50,39,77,0.163613120
episode-242,chunk-six,advent.z5,deepseek-flash,timed,10,3,36,36,350,False,10,8.908982385348969,8.917893068000012,True,10,10,0,0.009475296
episode-243,chunk-six,enchanter.z3,deepseek-v4-pro,timed,30,7,0,0,400,False,30,62.31616707694024,38.81057147499996,True,30,5,2,0.097782784
episode-244,chunk-six,detective.z5,deepseek-flash,timed,100,8,110,110,360,False,49,85.49509989143613,41.343054658000256,True,49,4,45,0.046305696
episode-245,chunk-six,advent.z5,deepseek-v4-pro,timed,20,6,36,36,350,False,9,13.955049233754956,13.905110615000012,True,10,9,8,0.027339840
episode-246,chunk-six,enchanter.z3,deepseek-v4-pro,timed,50,7,0,0,400,False,50,107.50006992535984,66.55072006099999,True,50,6,6,0.175260800
episode-247,chunk-six,zork1.z5,deepseek-flash,timed,30,6,40,40,350,False,30,46.84781331882145,22.52810631200009,True,30,4,2,0.024740832
episode-248,chunk-six,enchanter.z3,deepseek-v4-pro,timed,100,5,20,20,400,False,55,118.54226001869779,72.91161242999988,True,55,5,5,0.207432896
episode-249,chunk-six,advent.z5,deepseek-flash,timed,10,8,36,36,350,False,10,12.13265526215515,8.89547597300043,True,10,5,8,0.008835072
episode-250,chunk-six,zork1.z5,deepseek-flash,timed,10,5,5,5,350,False,10,16.27131817827366,8.997498785000062,True,10,1,3,0.010214304
episode-251,chunk-six,detective.z5,deepseek-flash,timed,100,1,30,30,360,False,8,13.259531544718188,7.023809696999706,True,8,1,7,0.007012224
episode-252,chunk-six,advent.z5,deepseek-flash,timed,100,5,61,61,350,False,100,152.05560694009654,89.81247102199995,True,100,32,116,0.104700672
episode-253,chunk-six,enchanter.z3,deepseek-flash,timed,20,7,0,0,400,False,20,26.05429435326433,16.74586474500029,True,20,9,20,0.018554784
episode-254,chunk-six,enchanter.z3,deepseek-flash,timed,30,7,20,20,400,False,30,41.227357174052855,24.570423883999865,True,30,10,33,0.028101600
episode-255,chunk-six,advent.z5,deepseek-flash,timed,50,6,61,61,350,False,50,70.96686447218957,39.94024767399969,True,50,17,15,0.044423904
episode-256,chunk-six,advent.z5,deepseek-flash,timed,50,4,68,68,350,False,49,75.91756025540114,43.486175108999305,True,49,14,43,0.047339232
episode-257,continuous-six,advent.z5,deepseek-flash,timed,10,2,36,36,350,False,10,14.311221205050588,8.160883753999997,True,10,3,8,0.010845024
episode-258,continuous-six,enchanter.z3,deepseek-v4-pro,timed,30,5,0,0,400,False,30,66.43644852772752,42.63692550900001,True,30,5,5,0.094301504
episode-259,continuous-six,detective.z5,deepseek-flash,timed,20,2,20,20,360,False,5,8.206342987591892,4.253208570999988,True,5,1,6,0.005321088
episode-260,continuous-six,enchanter.z3,deepseek-flash,timed,50,4,20,20,400,False,50,67.120451664489,41.12661887799999,True,50,21,17,0.045186336
episode-261,continuous-six,enchanter.z3,deepseek-v4-pro,timed,20,6,0,0,400,False,20,39.622271430709674,27.590766227000017,True,20,7,7,0.061120576
episode-262,continuous-six,detective.z5,deepseek-flash,timed,20,6,60,60,360,False,20,36.96492223552809,17.813446520999975,True,20,1,0,0.020313120
episode-263,continuous-six,enchanter.z3,deepseek-v4-pro,timed,50,1,15,15,400,False,50,106.98227398352469,67.109701511,True,50,5,4,0.160898496
episode-264,continuous-six,detective.z5,deepseek-v4-pro,timed,100,1,120,120,360,False,60,132.5051728737236,83.28452649799996,True,60,5,6,0.239621888
episode-265,continuous-six,zork1.z5,deepseek-flash,timed,50,1,44,44,350,False,44,76.52753181230182,38.838730854999994,True,44,2,1,0.041941728
episode-266,continuous-six,enchanter.z3,deepseek-flash,timed,100,2,0,0,400,False,100,119.38443205848175,100.04555165100001,True,100,76,80,0.100931040
episode-267,continuous-six,zork1.z5,deepseek-v4-pro,timed,20,3,5,5,350,False,20,42.40508685220538,26.141695873999993,False,20,3,6,0.058090560
episode-268,continuous-six,enchanter.z3,deepseek-v4-pro,timed,100,8,35,35,400,False,76,158.53572324700127,97.16601168499997,True,76,12,12,0.282059712
episode-269,continuous-six,detective.z5,deepseek-v4-pro,timed,10,8,10,10,360,False,10,9.90830537148911,10.474778693000019,False,10,10,1,0.016884032
episode-270,continuous-six,advent.z5,deepseek-v4-pro,timed,100,2,75,75,350,False,100,211.91421620657115,138.58935900899996,True,100,20,11,0.450828928
episode-271,continuous-six,detective.z5,deepseek-v4-pro,timed,10,1,40,40,360,False,10,18.25745129204743,11.997720110000046,True,10,3,3,0.024280256
episode-272,continuous-six,advent.z5,deepseek-v4-pro,timed,10,3,36,36,350,False,10,22.78228995880479,17.331516539999996,True,10,3,3,0.029973504
episode-273,continuous-six,detective.z5,deepseek-flash,timed,20,1,60,60,360,False,20,34.887093469003965,17.583024664999982,False,20,2,5,0.016617408
episode-274,continuous-six,detective.z5,deepseek-v4-pro,timed,30,5,60,60,360,False,30,63.24509534205937,40.36947984300002,True,30,5,5,0.097414592
episode-275,continuous-six,detective.z5,deepseek-flash,timed,10,5,10,10,360,False,10,12.031885777434155,9.719912115999989,True,10,6,9,0.009287424
episode-276,continuous-six,enchanter.z3,deepseek-flash,timed,100,6,0,0,400,False,100,129.322306724982,117.45332607299997,True,100,85,84,0.093985248
episode-277,continuous-six,detective.z5,deepseek-flash,timed,50,2,30,30,360,False,8,12.654173603965738,7.366981479999993,True,8,1,6,0.006789024
episode-278,continuous-six,enchanter.z3,deepseek-flash,timed,10,1,0,0,400,False,10,9.765261835429603,10.119346573999962,True,10,10,0,0.008558880
episode-279,continuous-six,enchanter.z3,deepseek-flash,timed,20,8,0,0,400,False,20,31.761004086009272,17.655960504000006,True,20,5,0,0.017000640
episode-280,continuous-six,detective.z5,deepseek-flash,timed,50,6,150,150,360,False,50,96.49148653227617,50.245169239000006,True,50,2,50,0.046548768
episode-281,continuous-six,zork1.z5,deepseek-v4-pro,timed,30,6,35,35,350,False,30,61.00184433140265,40.14344068400004,True,30,8,8,0.081388032
episode-282,continuous-six,detective.z5,deepseek-flash,timed,50,5,70,70,360,False,50,92.65897869948836,64.59807742499999,True,50,19,47,0.045853632
episode-283,continuous-six,detective.z5,deepseek-v4-pro,timed,20,1,10,10,360,False,19,28.80970583492911,29.467308038,False,20,19,2,0.062653184
episode-284,continuous-six,advent.z5,deepseek-v4-pro,timed,30,3,36,36,350,False,30,60.305255403983864,36.774897872999986,True,30,5,5,0.077997568
episode-285,continuous-six,enchanter.z3,deepseek-v4-pro,timed,10,8,0,0,400,False,10,21.31922335632448,13.645021983999982,True,10,1,1,0.028973120
episode-286,continuous-six,advent.z5,deepseek-flash,timed,30,5,36,36,350,False,18,42.33368440006189,34.572102297000015,True,18,6,15,0.017650656
episode-287,continuous-six,zork1.z5,deepseek-v4-pro,timed,50,3,50,50,350,False,50,104.12370724159265,66.89779783900002,True,50,6,6,0.156065536
episode-288,continuous-six,detective.z5,deepseek-flash,timed,50,8,110,110,360,False,50,94.92677319197719,51.768070556,True,50,4,3,0.047182080
episode-289,continuous-six,enchanter.z3,deepseek-flash,timed,20,5,20,20,400,False,20,31.85190277043599,23.62187802699998,True,20,8,22,0.019597536
episode-290,continuous-six,enchanter.z3,deepseek-flash,timed,50,5,20,20,400,False,48,80.19968749042944,49.52647132300001,True,48,14,31,0.054429120
episode-291,continuous-six,advent.z5,deepseek-v4-pro,timed,10,4,36,36,350,False,10,19.394503995419633,14.510052798999993,True,10,2,2,0.022487168
episode-292,continuous-six,zork1.z5,deepseek-flash,timed,10,6,0,0,350,False,10,13.142358359091501,9.129414614999973,True,10,5,0,0.008549376
episode-293,continuous-six,detective.z5,deepseek-v4-pro,timed,50,8,10,10,360,False,50,75.00592216602469,76.136598279,True,50,50,49,0.164450176
episode-294,continuous-six,zork1.z5,deepseek-v4-pro,timed,100,5,55,55,350,False,100,222.68732202107503,137.95547454499996,True,100,10,11,0.408052480
episode-295,continuous-six,detective.z5,deepseek-flash,timed,50,3,30,30,360,False,10,14.83710931223234,8.579260616999989,True,10,3,1,0.007773216
episode-296,continuous-six,advent.z5,deepseek-v4-pro,timed,30,6,36,36,350,False,30,64.94215804947017,46.216531050000015,True,30,4,4,0.088470976
episode-297,continuous-six,enchanter.z3,deepseek-flash,timed,50,2,20,20,400,False,16,82.21695096480016,72.57991625900002,True,16,3,6015,0.261780000
episode-298,continuous-six,enchanter.z3,deepseek-flash,timed,30,5,20,20,400,False,30,44.87689382920593,25.10844649699999,True,30,6,1,0.025600320
episode-299,continuous-six,advent.z5,deepseek-v4-pro,timed,100,1,68,68,350,False,100,213.36202309321334,146.82997216399997,True,100,7,8,0.430072896
episode-300,continuous-six,advent.z5,deepseek-flash,timed,100,6,75,75,350,False,100,137.4818574794421,95.62999087000003,True,100,52,49,0.106256064
episode-301,continuous-six,zork1.z5,deepseek-flash,timed,30,2,45,45,350,False,29,47.802446023086105,24.318423681000013,False,29,2,28,0.026357280
episode-302,continuous-six,enchanter.z3,deepseek-flash,timed,30,2,20,20,400,False,27,48.29675072193172,34.27841329799992,True,27,10,526,0.051613248
episode-303,continuous-six,zork1.z5,deepseek-v4-pro,timed,50,6,40,40,350,False,46,120.56327711412187,81.62183431999995,True,46,2,2,0.253285824
episode-304,continuous-six,advent.z5,deepseek-flash,timed,50,2,36,36,350,False,50,68.3340993367527,47.062680724000074,True,50,21,20,0.048961824
episode-305,continuous-six,advent.z5,deepseek-v4-pro,timed,50,5,36,36,350,False,8,11.145905101593799,11.104865109000002,True,9,8,8,0.021968320
episode-306,continuous-six,advent.z5,deepseek-v4-pro,timed,30,8,36,36,350,False,30,54.66490571706479,41.983050702000014,True,30,11,12,0.085401536
episode-307,continuous-six,detective.z5,deepseek-v4-pro,timed,20,7,30,30,360,False,8,15.284039709515218,10.595728573999963,True,8,1,1,0.018230784
episode-308,continuous-six,enchanter.z3,deepseek-v4-pro,timed,10,7,0,0,400,False,10,13.22006361056468,13.333942137999998,True,10,10,10,0.022014080
episode-309,continuous-six,enchanter.z3,deepseek-v4-pro,timed,30,2,0,0,400,False,30,44.36707812306743,42.71752973499997,True,30,26,26,0.082985408
episode-310,continuous-six,zork1.z5,deepseek-flash,timed,30,7,40,40,350,False,30,48.676254968149344,26.79971888299997,True,30,5,25,0.027543360
episode-311,continuous-six,enchanter.z3,deepseek-flash,timed,100,4,20,20,400,False,53,93.42040422142003,52.66179145700005,True,53,8,5,0.052977024
episode-312,continuous-six,advent.z5,deepseek-v4-pro,timed,100,6,36,36,350,False,11,16.366969285746034,16.96204634700007,False,12,11,11,0.029122368
episode-313,continuous-six,zork1.z5,deepseek-v4-pro,timed,20,8,5,5,350,False,20,42.10246987667722,27.445096127999932,True,20,4,4,0.055062656
episode-314,continuous-six,zork1.z5,deepseek-v4-pro,timed,10,6,0,0,350,False,10,22.109769075250238,13.846872945999962,True,10,1,1,0.031725056
episode-315,continuous-six,detective.z5,deepseek-v4-pro,timed,20,4,50,50,360,False,20,36.79118113751545,27.448252507000007,True,20,9,8,0.059381696
episode-316,continuous-six,zork1.z5,deepseek-flash,timed,50,7,25,25,350,False,22,40.577161591420975,19.392058926999994,True,22,1,18,0.021910656
episode-317,continuous-six,detective.z5,deepseek-v4-pro,timed,20,8,20,20,360,False,8,13.798218783786664,9.689734117000057,True,8,3,3,0.022514624
episode-318,continuous-six,advent.z5,deepseek-v4-pro,timed,10,1,36,36,350,False,10,21.404211449490894,15.733065784999894,True,10,0,0,0.028414848
episode-319,continuous-six,zork1.z5,deepseek-v4-pro,timed,100,3,50,50,350,False,100,228.8542170706951,139.66356464399996,False,100,4,4,0.410552384
episode-320,continuous-six,zork1.z5,deepseek-flash,timed,20,2,5,5,350,False,20,30.85322762616879,19.327044387,False,20,7,22,0.022910592
episode-321,continuous-six,enchanter.z3,deepseek-flash,timed,20,4,20,20,400,False,11,34.551934685607435,30.706168343999934,True,11,4,2011,0.089219712
episode-322,continuous-six,advent.z5,deepseek-flash,timed,50,3,36,36,350,False,26,79.79006621164717,66.47933220099992,True,26,11,286,0.199529952
episode-323,continuous-six,advent.z5,deepseek-flash,timed,30,7,36,36,350,False,29,44.522452666495774,24.56448714999999,True,29,7,22,0.027727392
episode-324,continuous-six,zork1.z5,deepseek-flash,timed,20,1,5,5,350,False,19,29.005720377762895,15.697976613000037,True,19,3,3,0.015786528
episode-325,continuous-six,zork1.z5,deepseek-flash,timed,30,4,35,35,350,False,30,42.89930726826191,27.27992960000006,True,30,12,37,0.031601280
episode-326,continuous-six,zork1.z5,deepseek-v4-pro,timed,30,3,0,0,350,False,13,16.951972901606897,17.51959677700006,False,14,13,13,0.032533248
episode-327,continuous-six,zork1.z5,deepseek-flash,timed,100,2,50,50,350,False,100,131.427783764969,94.36377926699993,True,100,61,57,0.096295872
episode-328,continuous-six,advent.z5,deepseek-v4-pro,timed,10,8,36,36,350,False,10,20.20586707431248,14.289178068999945,True,10,1,2,0.027528512
episode-329,continuous-six,zork1.z5,deepseek-flash,timed,10,8,0,0,350,False,10,13.081930440530776,8.840990769999962,True,10,4,3,0.009503808
episode-330,continuous-six,enchanter.z3,deepseek-v4-pro,timed,30,8,0,0,400,False,30,63.265754130164744,43.58019169099998,True,30,8,8,0.095104064
episode-331,continuous-six,advent.z5,deepseek-v4-pro,timed,20,4,36,36,350,False,20,42.3489946761354,29.57227177900006,True,20,4,3,0.055489984
episode-332,continuous-six,detective.z5,deepseek-v4-pro,timed,30,8,10,10,360,False,23,36.90286640735682,37.29497245999994,True,24,23,22,0.069408064
episode-333,continuous-six,detective.z5,deepseek-v4-pro,timed,20,6,50,50,360,False,20,38.02265479442856,25.815326186999982,True,20,7,6,0.057223936
episode-334,continuous-six,advent.z5,deepseek-flash,timed,100,7,36,36,350,False,100,119.21721330594569,99.85124027300003,True,100,78,74,0.107513184
episode-335,continuous-six,zork1.z5,deepseek-v4-pro,timed,100,6,58,58,350,False,100,220.34837878762906,132.5089734720001,False,100,4,5,0.380114240
episode-336,continuous-six,enchanter.z3,deepseek-v4-pro,timed,20,2,0,0,400,False,20,40.02621112184674,25.844600336999974,True,20,5,5,0.059820288
episode-337,continuous-six,zork1.z5,deepseek-v4-pro,timed,30,2,15,15,350,False,30,59.78061038750069,35.574793043,False,30,5,5,0.079949760
episode-338,continuous-six,zork1.z5,deepseek-v4-pro,timed,50,2,25,25,350,False,29,61.52031507942044,38.38584222499992,True,29,4,5,0.080665024
episode-339,continuous-six,enchanter.z3,deepseek-v4-pro,timed,20,3,0,0,400,False,7,10.581784215892654,11.190428630000042,False,8,7,7,0.020068224
episode-340,continuous-six,enchanter.z3,deepseek-v4-pro,timed,20,7,0,0,400,False,20,33.227405916666406,27.93368263399998,True,20,13,13,0.056069376
episode-341,continuous-six,detective.z5,deepseek-v4-pro,timed,50,4,80,80,360,False,50,105.44686777701028,71.01903540299998,False,50,12,12,0.181544704
episode-342,continuous-six,zork1.z5,deepseek-v4-pro,timed,100,8,30,30,350,False,33,69.50043952831089,42.85583542099994,True,33,3,3,0.085525440
episode-343,continuous-six,detective.z5,deepseek-v4-pro,timed,50,2,110,110,360,False,50,115.18116868265912,73.38280037200002,True,50,5,5,0.183691200
episode-344,continuous-six,advent.z5,deepseek-flash,timed,100,4,68,68,350,False,99,159.09493076033124,105.31272523199993,True,99,35,94,0.114568704
episode-345,continuous-six,enchanter.z3,deepseek-v4-pro,timed,50,2,0,0,400,False,50,72.95359527729426,72.53051981299996,True,50,47,47,0.165411136
episode-346,continuous-six,zork1.z5,deepseek-flash,timed,50,5,30,30,350,False,30,51.01063663298196,25.721923421000042,False,30,4,0,0.024888864
episode-347,continuous-six,detective.z5,deepseek-v4-pro,timed,10,2,10,10,360,False,10,9.541141010215455,9.61143706900009,True,10,10,2,0.017327552
episode-348,continuous-six,zork1.z5,deepseek-flash,timed,100,6,35,35,350,False,32,56.504334723034184,28.938567663999947,True,32,3,27,0.031540608
episode-349,continuous-six,detective.z5,deepseek-v4-pro,timed,10,4,40,40,360,False,10,19.404808021643458,14.928369828000086,True,10,4,4,0.029008320
episode-350,continuous-six,advent.z5,deepseek-v4-pro,timed,20,2,36,36,350,False,20,42.375752050686984,28.990307394999945,True,20,5,5,0.053949632
episode-351,continuous-six,detective.z5,deepseek-v4-pro,timed,30,4,30,30,360,False,6,14.188182107486657,9.068942885999945,True,6,0,0,0.015771712
episode-352,continuous-six,detective.z5,deepseek-flash,timed,50,7,20,20,360,False,6,8.807624767188504,4.829510037999967,True,6,2,0,0.005513952
episode-353,continuous-six,zork1.z5,deepseek-flash,timed,50,8,40,40,350,False,50,70.11579991386527,46.09995848099993,True,50,23,49,0.046186752
episode-354,continuous-six,enchanter.z3,deepseek-v4-pro,timed,100,4,0,0,400,False,100,134.06995428954903,129.29992623300006,True,100,90,4,0.328937664
episode-355,continuous-six,enchanter.z3,deepseek-v4-pro,timed,10,6,0,0,400,False,10,17.63476087774155,15.023115517000065,True,10,6,7,0.025846656
episode-356,continuous-six,enchanter.z3,deepseek-flash,timed,10,4,0,0,400,False,10,16.19000322682173,9.944898097999953,True,10,3,1,0.009961440
episode-357,continuous-six,enchanter.z3,deepseek-flash,timed,30,6,20,20,400,False,30,44.423989035764926,29.823044525,True,30,12,23,0.031071168
episode-358,continuous-six,zork1.z5,deepseek-flash,timed,100,4,30,30,350,False,39,64.81442993614766,39.13025103799998,True,39,13,13,0.038810784
episode-359,continuous-six,zork1.z5,deepseek-v4-pro,timed,100,7,30,30,350,False,28,59.029830212656684,34.49519554900007,True,28,1,1,0.078230592
episode-360,continuous-six,advent.z5,deepseek-flash,timed,20,3,36,36,350,False,20,28.622641736166976,18.000552076999952,False,20,7,4,0.017340288
episode-361,continuous-six,enchanter.z3,deepseek-flash,timed,10,2,0,0,400,False,10,12.083531766641096,8.805790186999957,True,10,4,0,0.008246688
episode-362,continuous-six,zork1.z5,deepseek-flash,timed,50,4,40,40,350,False,50,66.21087606553196,45.682741828000076,True,50,26,51,0.048171264
episode-363,continuous-six,detective.z5,deepseek-flash,timed,30,4,70,70,360,False,30,50.00522285346855,24.772117741999978,True,30,3,27,0.025773696
episode-364,continuous-six,detective.z5,deepseek-flash,timed,10,1,40,40,360,False,10,17.48136512201621,9.407406986000069,True,10,2,8,0.010841664
episode-365,continuous-six,advent.z5,deepseek-v4-pro,timed,100,3,68,68,350,False,100,214.6578848433907,135.85225445899994,True,100,8,7,0.388689664
episode-366,continuous-six,enchanter.z3,deepseek-flash,timed,10,8,0,0,400,False,10,14.529565431392287,10.318564546999937,True,10,4,7,0.010773984
episode-367,continuous-six,enchanter.z3,deepseek-v4-pro,timed,50,4,0,0,400,False,50,103.93292468202178,69.9102221249999,True,50,12,12,0.166806464
episode-368,continuous-six,detective.z5,deepseek-v4-pro,timed,100,5,130,130,360,False,61,141.66137559173248,88.69996970900002,True,61,5,5,0.236349696
episode-369,continuous-six,advent.z5,deepseek-v4-pro,timed,100,5,36,36,350,False,100,132.30537226349546,134.93512361600006,True,100,100,2,0.327434624
episode-370,continuous-six,enchanter.z3,deepseek-v4-pro,timed,10,1,0,0,400,False,10,19.5718752361363,14.75922565399992,True,10,2,2,0.032740928
episode-371,continuous-six,advent.z5,deepseek-flash,timed,20,2,36,36,350,False,18,29.062711759620115,18.260877294000124,True,18,2,14,0.016917984
episode-372,continuous-six,enchanter.z3,deepseek-v4-pro,timed,20,5,0,0,400,False,20,39.22229353851647,29.607604448999837,True,20,8,8,0.058319360
episode-373,continuous-six,detective.z5,deepseek-flash,timed,100,4,110,110,360,False,73,115.70170699759313,73.36598833099993,False,73,28,360,0.085966560
episode-374,continuous-six,advent.z5,deepseek-v4-pro,timed,20,8,36,36,350,False,19,29.36352461690532,30.008279855000183,False,20,19,19,0.051689792
episode-375,continuous-six,detective.z5,deepseek-flash,timed,10,8,50,50,360,False,10,16.959789110590805,8.907796484999835,True,10,2,7,0.010629408
episode-376,continuous-six,detective.z5,deepseek-v4-pro,timed,50,7,130,130,360,False,50,109.23047585920074,66.62973153799999,True,50,5,5,0.178677312
episode-377,continuous-six,detective.z5,deepseek-v4-pro,timed,20,3,60,60,360,False,20,38.88213047969164,28.99669546700011,True,20,8,9,0.061640128
episode-378,continuous-six,enchanter.z3,deepseek-v4-pro,timed,100,7,0,0,400,False,7,10.006968405444525,10.577381665000075,False,8,7,7,0.020348416
episode-379,continuous-six,enchanter.z3,deepseek-v4-pro,timed,10,4,0,0,400,False,9,13.975964680931227,14.006600581999919,True,10,9,9,0.024459072
episode-380,continuous-six,zork1.z5,deepseek-v4-pro,timed,10,3,0,0,350,False,10,19.874182946227947,14.09365436600001,True,10,2,2,0.027796032
episode-381,continuous-six,zork1.z5,deepseek-flash,timed,100,8,30,30,350,False,46,74.26768969279094,43.472375660000125,False,46,14,33,0.046065312
episode-382,continuous-six,advent.z5,deepseek-v4-pro,timed,30,4,36,36,350,False,30,62.57034226563316,43.14905251699997,True,30,2,2,0.093713664
episode-383,continuous-six,advent.z5,deepseek-v4-pro,timed,10,5,36,36,350,False,10,15.873216209601122,13.374510084999883,True,10,6,9,0.027175808
episode-384,continuous-six,zork1.z5,deepseek-v4-pro,timed,20,6,5,5,350,False,20,42.342527676821994,27.486425646999805,True,20,2,3,0.053516672
